id,mS1,mS2,mR,RUpsilon,ImUpsilon,xsec_TChannel (fb)
1,1936.943,20000.0,20000.0,0.0008100948,0.01019132,8.639900000745248e-08
2,2060.768,20000.0,20000.0,0.7492684000000001,1.802054e-07,3.1629000000000365
3,307.749,20000.0,20000.0,1.529283e-08,0.001820639,4.1284000108043e-08
4,9111.42,20000.0,20000.0,2.315699e-05,5.571574e-08,2.037390367303861e-17
5,3671.365,20000.0,20000.0,0.00015385530000000002,0.007283583000000001,2.7690100003512988e-09
6,953.1993,20000.0,20000.0,3.4673259999999996e-05,0.6827076,37.30600000000042
7,4105.975,20000.0,20000.0,0.01075472,0.5770481,0.0996670000000012
8,530.7412,20000.0,20000.0,2.2917549999999997e-07,2.2193650000000003,23651.00000000003
9,468.3788,20000.0,20000.0,0.0016334960000000001,1.0810030000000002,1920.6900000000103
10,748.0437,20000.0,20000.0,1.9114389999999997e-05,6.594835000000001e-06,1.988450659064317e-13
11,1528.684,20000.0,20000.0,8.359781e-05,2.9307809999999996e-07,4.018900573088099e-14
12,668.8695,20000.0,20000.0,0.01868697,7.261641e-05,4.579800000082909e-05
13,7950.845,20000.0,20000.0,3.350338e-07,2.553156,0.4827700000000014
14,538.8988,20000.0,20000.0,0.18423910000000002,0.005930123000000001,0.8908800000001703
15,338.4944,20000.0,20000.0,2.106354e-08,7.042121e-05,3.346700771036053e-12
16,1509.4979999999998,20000.0,20000.0,0.008408881,4.144705e-06,1.7629400000887926e-07
17,480.4316,20000.0,20000.0,9.888019e-05,0.07251911,0.029432000000040443
18,1807.685,20000.0,20000.0,7.866041e-07,0.0004717761,5.324100220514352e-13
19,4943.904,20000.0,20000.0,3.3115339999999996e-06,2.6491580000000003,14.924300000000024
20,4845.101,20000.0,20000.0,0.0005135118,1.2359619999999999e-05,2.7556800830520934e-14
21,6209.789000000001,20000.0,20000.0,5.986661e-08,4.5541230000000004e-08,8.96930201576829e-17
22,360.7894,20000.0,20000.0,0.02603221,0.00039566870000000003,0.0012068500000145279
23,4991.4259999999995,20000.0,20000.0,0.9628655,0.5774735,0.4833000000000024
24,112.6077,20000.0,20000.0,0.09258730000000001,1.0820299999999999e-07,4.195900000004284
25,206.5014,20000.0,20000.0,8.419905e-05,2.9475390000000002e-05,1.4261703710730173e-11
26,2761.861,20000.0,20000.0,4.3215040000000004e-07,0.000151551,5.105000762923025e-15
27,589.6499,20000.0,20000.0,0.04873597,2.076159e-06,0.0034665000000109448
28,425.5596,20000.0,20000.0,2.973383,0.02695555,147466.00000000012
29,1871.658,20000.0,20000.0,4.163286e-05,3.173645e-07,1.1420001427598914e-14
30,873.6651,20000.0,20000.0,3.298782,0.04281068,25144.00000000001
31,353.0215,20000.0,20000.0,0.001778783,0.007030934,8.636200001129178e-06
32,692.0817,20000.0,20000.0,0.01571788,5.972361999999999e-05,2.5935000000684492e-05
33,5493.883000000001,20000.0,20000.0,2.407942e-07,3.689541e-07,1.8057802727429543e-16
34,821.8133,20000.0,20000.0,0.0015313420000000002,2.282192e-06,1.278720004235e-09
35,2232.514,20000.0,20000.0,2.972291e-07,0.004638077,3.959300000475808e-09
36,4850.316,20000.0,20000.0,0.3632126,2.99954e-05,0.0037202000000001703
37,236.4213,20000.0,20000.0,5.211936e-05,1.1642480000000001e-05,8.795902248370143e-12
38,587.3213,20000.0,20000.0,2.281329,1.0194490000000001e-08,16265.900000000025
39,1697.277,20000.0,20000.0,0.0032784259999999996,2.522447,754.5300000000003
40,147.6814,20000.0,20000.0,0.001208549,0.6471089,5638.500000000106
41,115.9799,20000.0,20000.0,3.388321e-08,0.0005215348,5.027400142386201e-09
42,1943.745,20000.0,20000.0,0.007421591,4.16643e-07,4.308200000213489e-08
43,507.6236,20000.0,20000.0,2.009314e-05,0.09812121,0.09628500000006984
44,9771.419,20000.0,20000.0,1.882705e-08,6.369351e-05,2.7235904119246038e-17
45,189.8219,20000.0,20000.0,0.04849411,0.02352624,0.13506800000039493
46,426.026,20000.0,20000.0,2.9288950000000002e-08,0.0006452474,3.2760000487962e-10
47,860.0143,20000.0,20000.0,3.976235e-06,0.08575527,0.011884200000007141
48,884.607,20000.0,20000.0,0.00387736,2.246482e-07,2.41440000195577e-08
49,366.7478,20000.0,20000.0,0.4534901,1.966987e-06,111.18700000000376
50,182.6172,20000.0,20000.0,0.000345847,0.01305766,0.0005313000000241892
51,2344.39,20000.0,20000.0,0.001781499,1.127111e-05,3.106600010537481e-11
52,778.2754,20000.0,20000.0,2.446997e-06,0.00027837669999999996,3.1282002162740197e-12
53,345.7916,20000.0,20000.0,1.8042060000000002,0.07793271,36932.00000000008
54,1145.049,20000.0,20000.0,0.00016578290000000001,0.08121632,0.003619300000002723
55,3128.656,20000.0,20000.0,2.349261e-07,6.506512e-05,1.675120451814243e-15
56,7799.397,20000.0,20000.0,1.293914,7.225652e-06,0.06513900000000067
57,201.1052,20000.0,20000.0,1.3712039999999998e-06,0.01048862,0.0001672610000121962
58,366.2978,20000.0,20000.0,2.3827319999999998e-08,2.6290490000000004e-05,2.0703805217220503e-12
59,231.4462,20000.0,20000.0,0.0008127929,0.0006958497,1.36386000836458e-08
60,1861.3470000000002,20000.0,20000.0,0.07395694,0.0001467832,0.000294911000000358
61,3127.783,20000.0,20000.0,3.497708e-05,0.157156,0.0013450600000003425
62,4003.223,20000.0,20000.0,0.002162645,2.321483e-05,1.771150002224974e-11
63,395.5916,20000.0,20000.0,0.11676289999999999,1.109816e-07,0.3433300000002291
64,322.9928,20000.0,20000.0,0.01569275,1.864295e-06,0.00018328800000730588
65,1195.219,20000.0,20000.0,0.5594713000000001,1.271861e-06,6.802000000000127
66,1900.46,20000.0,20000.0,4.725132000000001e-05,0.46994600000000003,0.7063300000000161
67,3730.6059999999998,20000.0,20000.0,1.974086e-06,0.05573478,8.225800000014508e-06
68,278.6594,20000.0,20000.0,5.331191999999999e-05,0.3589025,101.07800000000559
69,1132.204,20000.0,20000.0,0.004198079,2.641112e-07,3.054800000862093e-08
70,465.7821,20000.0,20000.0,2.3424970000000002e-07,1.057069e-05,1.0163502675370192e-12
71,4362.29,20000.0,20000.0,6.547095e-08,2.029654e-07,4.560400608838654e-16
72,2833.7859999999996,20000.0,20000.0,0.09759519,4.102434e-06,0.0002526130000001582
73,219.8175,20000.0,20000.0,2.021527e-07,0.005493237,1.0587000002627319e-05
74,443.7409,20000.0,20000.0,2.566992,1.1052879999999998e-08,58606.000000000065
75,123.2501,20000.0,20000.0,0.1278259,8.961484e-07,12.814000000006885
76,161.7385,20000.0,20000.0,0.3984207,2.762926e-05,544.4300000000317
77,163.9641,20000.0,20000.0,7.523556999999999e-07,0.02650527,0.011652200000133645
78,333.0809,20000.0,20000.0,3.055786,3.0047900000000003,1097560.0000000007
79,1067.66,20000.0,20000.0,1.8000599999999998e-07,0.9442969999999999,58.75200000000064
80,2505.6,20000.0,20000.0,2.441477e-07,0.009946276,3.5750000002134264e-08
81,9044.391,20000.0,20000.0,8.492487e-06,8.942981e-08,1.9713103603809045e-17
82,5520.355,20000.0,20000.0,0.08744926,1.84604e-07,1.0069800000008929e-05
83,356.9313,20000.0,20000.0,1.178876e-05,6.802052999999999e-06,2.162760637974044e-12
84,222.8661,20000.0,20000.0,0.23941759999999998,0.01049489,34.098000000004795
85,300.3205,20000.0,20000.0,4.31084e-08,0.0121584,0.0001066780000047477
86,5904.630999999999,20000.0,20000.0,7.928192999999999e-08,5.750114000000001e-05,1.3149002748010107e-16
87,933.6128,20000.0,20000.0,7.738575e-08,2.603973e-05,1.1061402724422117e-13
88,3690.2070000000003,20000.0,20000.0,0.0001101925,6.148035e-06,1.8669801831345942e-15
89,365.4934,20000.0,20000.0,2.8896690000000006e-07,0.12153039999999998,0.6331500000002889
90,7946.105,20000.0,20000.0,0.04777694,8.341706999999999e-07,1.5010900000066956e-07
91,4937.87,20000.0,20000.0,0.0291988,0.0002613744,1.2476400000114608e-07
92,4633.81,20000.0,20000.0,0.2681235,0.002474902,0.0017415600000002273
93,3074.1220000000003,20000.0,20000.0,7.813465e-05,3.7997620000000005e-08,3.0558003108864324e-15
94,854.5195,20000.0,20000.0,0.002398918,0.0004964043,7.95600000902777e-09
95,8023.648,20000.0,20000.0,2.1502830000000003e-08,1.489177e-08,4.909400398529469e-17
96,3938.362,20000.0,20000.0,0.03094038,9.889254e-08,6.817500000036886e-07
1,2757.7470000000003,20000.0,20000.0,0.0001079286,0.009015963,2.541300000242451e-08
2,1314.719,20000.0,20000.0,4.979025e-07,0.004762234000000001,2.2299300014522002e-08
3,126.0935,20000.0,20000.0,0.06987254,5.6357220000000004e-08,1.0615300000044507
4,365.3083,20000.0,20000.0,0.0041273740000000005,9.104536999999999e-07,7.7332000078527e-07
5,175.3665,20000.0,20000.0,2.6743939999999996e-06,0.01587523,0.0011721700000916298
6,2705.165,20000.0,20000.0,4.137448e-06,0.0003232284,1.0055400836607673e-13
7,410.7555,20000.0,20000.0,1.6759400000000002,0.4306571,14412.500000000095
8,2398.56,20000.0,20000.0,2.549814e-08,9.687504000000001e-05,1.324520410780465e-14
9,698.6475,20000.0,20000.0,4.9060329999999997e-08,1.828309e-05,6.231302357954073e-13
10,2888.315,20000.0,20000.0,1.75363,1.8031479999999997e-07,17.722800000000113
11,720.9821,20000.0,20000.0,0.01361538,2.318015e-06,1.1216500000768742e-05
12,2235.853,20000.0,20000.0,0.002816874,1.6732429999999998e-06,4.2520000072135246e-10
13,454.9982,20000.0,20000.0,6.13856e-07,0.003631853,2.69480000257909e-07
14,211.6514,20000.0,20000.0,0.07747878,0.004828485,0.4539400000013089
15,106.4087,20000.0,20000.0,7.922521e-08,0.0007800966000000001,2.888170084541101e-08
16,2461.978,20000.0,20000.0,4.52927e-08,0.01932271,4.518900000164343e-07
17,2387.992,20000.0,20000.0,0.02767013,1.094918e-07,3.5858000000655523e-06
18,198.9411,20000.0,20000.0,0.001046487,0.01621924,0.0009770600000720267
19,1258.912,20000.0,20000.0,1.546443e-08,0.0001628962,2.3943105313730186e-13
20,196.2805,20000.0,20000.0,0.0003521072,0.008864706,9.012300002163088e-05
21,854.2827,20000.0,20000.0,0.01376084,3.929674e-05,5.869000000720238e-06
22,3681.7729999999997,20000.0,20000.0,2.80772e-08,0.1640605,0.0007025400000004628
23,6030.241,20000.0,20000.0,3.919546e-05,0.00024258810000000002,1.8545702226786013e-15
24,116.1099,20000.0,20000.0,6.888612e-08,1.705773e-08,8.622104351760469e-11
25,7600.437,20000.0,20000.0,0.7335119999999999,3.3362e-08,0.016865600000000553
26,522.679,20000.0,20000.0,0.4489931,6.608313e-08,42.61000000000307
27,2289.222,20000.0,20000.0,0.002117323,0.4037117,0.16919300000001358
28,195.2685,20000.0,20000.0,5.387906e-05,6.302538e-05,3.40110126701015e-11
29,2339.717,20000.0,20000.0,6.736855e-05,1.311206e-08,1.1745102251252967e-14
30,2068.544,20000.0,20000.0,0.01101214,2.208709e-06,1.2569800001473127e-07
31,209.4103,20000.0,20000.0,0.00019096419999999997,1.027107e-08,7.162001658910131e-11
32,111.8615,20000.0,20000.0,9.850293e-06,1.006634e-06,9.603804740370528e-11
33,9648.489,20000.0,20000.0,8.481363999999999e-05,1.467766,0.06760100000000031
34,192.0654,20000.0,20000.0,0.02295023,0.0003965878,0.0042186000001488136
35,1447.249,20000.0,20000.0,0.3084788,0.0591794,0.2187380000000372
36,128.1304,20000.0,20000.0,8.583751999999999e-07,4.349785e-07,6.928103256720385e-11
37,8117.691999999999,20000.0,20000.0,0.3941542,0.09394632,0.0006490200000000586
38,1604.8370000000002,20000.0,20000.0,3.611531e-05,4.502017e-06,2.1670416129355305e-14
39,1861.2320000000002,20000.0,20000.0,0.0006065893,6.396141e-05,1.6964400742553264e-12
40,1143.365,20000.0,20000.0,1.084018,8.87923e-08,123.03300000000124
41,2117.16,20000.0,20000.0,1.028468e-08,9.208582e-06,1.2979304703880371e-14
42,933.1554,20000.0,20000.0,2.8904709999999997e-08,0.00045776050000000004,1.1066800566702349e-11
43,718.6247,20000.0,20000.0,1.343982,9.022397e-08,938.4200000000097
44,141.8044,20000.0,20000.0,3.8974509999999997e-07,0.00032214330000000004,6.764300918167031e-10
45,790.1008,20000.0,20000.0,0.009689796,9.003525999999999e-07,2.500100000351378e-06
46,153.1574,20000.0,20000.0,1.8363970000000002e-08,1.483598e-08,4.4682020889302074e-11
47,872.5869,20000.0,20000.0,3.477662e-05,0.0013159670000000001,6.895300038904402e-10
48,826.8710000000001,20000.0,20000.0,0.03740674,3.5868579999999996e-06,0.0004719200000042292
49,540.5089,20000.0,20000.0,2.844185e-07,0.03797586,0.0017213100000216086
50,4030.812,20000.0,20000.0,4.071836e-08,0.007337524000000001,1.235040000304628e-09
51,1470.9489999999998,20000.0,20000.0,4.159209e-05,0.0001431043,1.5132803061836124e-13
52,609.2277,20000.0,20000.0,1.1440910000000002e-05,0.2486857,2.291700000000505
53,210.8934,20000.0,20000.0,1.076965e-07,8.352729e-05,2.6533011031231045e-11
54,6668.111,20000.0,20000.0,0.02574576,1.7649609999999999e-07,1.5138500001108876e-08
55,1108.9080000000001,20000.0,20000.0,1.749469e-06,0.00040699309999999995,3.3038002220083283e-12
56,1333.695,20000.0,20000.0,0.005042459,2.355794e-06,2.56586000204404e-08
57,482.7619,20000.0,20000.0,4.311974e-07,0.1645843,0.9491800000005152
58,1975.265,20000.0,20000.0,3.980372e-06,0.148305,0.004335600000002743
59,157.3637,20000.0,20000.0,9.799579e-07,2.255808e-07,4.037801866790228e-11
60,174.9732,20000.0,20000.0,9.150859e-07,1.941746e-08,3.157201493130157e-11
61,130.0335,20000.0,20000.0,0.01558251,1.691795e-08,0.002494470000194829
62,1775.114,20000.0,20000.0,0.3109643,5.37552e-06,0.09142200000002246
63,221.2829,20000.0,20000.0,0.035292199999999996,0.002185639,0.016743700000243833
64,3313.357,20000.0,20000.0,0.001914785,1.864246e-07,2.2860700069825397e-11
65,151.6665,20000.0,20000.0,0.09010233,6.3697720000000005e-06,1.9032900000042192
66,5196.05,20000.0,20000.0,2.8799949999999997e-07,5.2566050000000005e-08,3.706701611485887e-16
67,372.5828,20000.0,20000.0,9.446441e-08,2.254086,66573.00000000022
68,3345.2259999999997,20000.0,20000.0,0.0007669087,1.192719e-06,4.864800129928824e-13
69,216.7157,20000.0,20000.0,1.815387e-08,2.536234,468370.00000000134
70,9150.679,20000.0,20000.0,5.730731999999999e-07,0.4204724,0.0012643800000000484
71,9439.345,20000.0,20000.0,1.413542,1.742681e-05,0.10791000000000096
72,2752.002,20000.0,20000.0,0.07629145,0.3659591,0.0237550000000064
73,3166.72,20000.0,20000.0,0.02223735,1.238316e-08,5.257300000085508e-07
74,174.3486,20000.0,20000.0,8.196025e-07,3.1472980000000003e-06,2.9845013942702e-11
75,196.4804,20000.0,20000.0,1.810034e-07,0.2176527,34.61000000001197
76,2776.7090000000003,20000.0,20000.0,2.78225e-07,0.0006463072,7.397300270913407e-13
77,285.7794,20000.0,20000.0,0.8394457000000001,0.003980932,2852.200000000065
78,253.4357,20000.0,20000.0,9.386464e-08,0.007621581,2.414900000831958e-05
79,173.7509,20000.0,20000.0,1.467694e-08,1.927714,286070.0000000014
80,1260.785,20000.0,20000.0,3.944633e-05,5.368265e-06,6.382603392490283e-14
81,4379.5,20000.0,20000.0,1.947544e-06,4.5554880000000005e-05,1.20753024778132e-15
82,196.2564,20000.0,20000.0,0.0001618884,8.765739999999999e-07,6.626601656200125e-11
83,735.6064,20000.0,20000.0,8.387930000000001e-05,4.099038e-07,4.227202431052898e-13
84,1248.866,20000.0,20000.0,0.0006473681,0.02407176,1.5617900000551884e-05
85,591.5265,20000.0,20000.0,1.3600589999999999e-08,0.002290115,1.80672000529914e-08
86,575.7965,20000.0,20000.0,1.867275,0.0004549668,9690.800000000045
87,4576.109,20000.0,20000.0,4.838446e-06,1.3188409999999999e-08,1.0739103652772407e-15
88,137.2002,20000.0,20000.0,0.02417843,0.1429154,17.424400000014206
89,9304.345,20000.0,20000.0,0.23333089999999998,0.001330853,9.813800000002857e-05
90,7019.001,20000.0,20000.0,3.4727099999999997,0.005347104,12.652400000000009
91,547.2732,20000.0,20000.0,1.01036e-06,0.06393816,0.01280350000005158
92,275.4546,20000.0,20000.0,0.17756029999999998,0.0005302731,6.332900000003438
93,8793.367,20000.0,20000.0,4.1971470000000003e-08,0.07223784,9.724800000016812e-07
94,8823.114,20000.0,20000.0,0.00234289,8.275904e-05,1.1241000010538612e-12
95,252.86700000000002,20000.0,20000.0,4.250491e-07,0.0002375901,6.732101315910101e-11
96,151.2246,20000.0,20000.0,0.0018957660000000001,5.7281169999999994e-05,3.8622000193142e-07
1,9310.827,20000.0,20000.0,3.805026e-05,6.137238e-08,9.519600274049302e-16
2,522.3611,20000.0,20000.0,4.110072e-06,0.008976526,6.691700000744033e-06
3,3581.007,20000.0,20000.0,2.094712,0.16723310000000002,33.04900000000005
4,1119.464,20000.0,20000.0,0.6437915,2.8302729999999998e-05,10.858800000000265
5,6087.710999999999,20000.0,20000.0,3.0944790000000002e-06,1.0069379999999999e-05,3.645640198798538e-15
6,802.4006,20000.0,20000.0,3.0832929999999996e-07,0.7038177,70.67000000000138
7,246.2154,20000.0,20000.0,2.602775e-06,0.0007269581,3.5936000638836013e-09
8,2210.94,20000.0,20000.0,2.5051779999999998e-05,0.2519704,0.020106900000004646
9,238.5222,20000.0,20000.0,0.04829124,0.001031408,0.047304000000245656
10,2620.8070000000002,20000.0,20000.0,9.422637999999999e-06,0.38675679999999996,0.1205050000000053
11,142.6309,20000.0,20000.0,7.538931e-05,0.07871607,1.2951200000025187
12,1136.827,20000.0,20000.0,5.845219e-07,0.217441,0.19708100000003898
13,570.8349,20000.0,20000.0,4.461651e-07,1.775579e-08,1.9334800997871198e-11
14,2733.861,20000.0,20000.0,0.1327644,0.3518009,0.07046100000000309
15,1512.3370000000002,20000.0,20000.0,0.02239172,0.0001326913,8.364000000108496e-06
16,105.7657,20000.0,20000.0,1.028951e-06,1.0888710000000002e-07,1.6474601476878036e-09
17,232.0948,20000.0,20000.0,5.670111e-06,4.826254e-05,2.2398001788170152e-10
18,1221.6860000000001,20000.0,20000.0,0.35589529999999997,0.08920818,0.7684800000000531
19,799.1555,20000.0,20000.0,2.028479e-06,9.24317e-07,4.607200304600501e-12
20,1366.91,20000.0,20000.0,3.837928e-06,1.1454239999999999e-07,6.05660057507684e-13
21,142.6527,20000.0,20000.0,1.8984649999999998e-07,0.002849789,2.34837000357685e-06
22,2754.258,20000.0,20000.0,0.004085626,1.575297e-06,1.1530100006699445e-09
23,1993.6229999999998,20000.0,20000.0,3.323316,2.297332e-08,570.8100000000012
24,1349.523,20000.0,20000.0,0.007138918,0.001149283,1.3449600002364348e-07
25,107.4423,20000.0,20000.0,0.22972910000000002,0.00011395059999999999,191.71200000004703
26,1485.8010000000002,20000.0,20000.0,0.8194991,2.765658,2306.9300000000026
27,153.2201,20000.0,20000.0,3.98207e-08,3.370964e-05,7.002700561760021e-10
28,171.7171,20000.0,20000.0,7.841897e-05,0.4430384,773.6000000000525
29,110.7365,20000.0,20000.0,0.04795537,0.07149068,3.480980000006087
30,2081.554,20000.0,20000.0,3.792732e-05,7.39515e-06,2.1649100848724428e-13
31,345.9015,20000.0,20000.0,0.002023951,0.02647269,0.001670550000024908
32,451.967,20000.0,20000.0,4.9214550000000005e-06,0.000586765,3.4489000782658126e-10
33,140.0321,20000.0,20000.0,0.04518767,0.001503566,0.14974300000094248
34,2655.825,20000.0,20000.0,0.002923648,1.169675e-06,3.3197000036585965e-10
35,221.4057,20000.0,20000.0,0.0001627263,3.136158e-06,3.459200242822018e-10
36,1145.972,20000.0,20000.0,0.00217509,3.312242,7543.700000000007
37,6793.547,20000.0,20000.0,4.8588969999999996e-08,7.664845e-05,2.3342801170722e-15
38,7085.844,20000.0,20000.0,1.496301e-06,0.1775568,4.351100000002653e-05
39,478.0494,20000.0,20000.0,2.2719829999999998e-06,0.002271132,3.4455000066808896e-08
40,150.464,20000.0,20000.0,0.00037039980000000004,0.18107060000000003,31.83700000001223
41,442.36699999999996,20000.0,20000.0,0.0002389666,1.771714e-08,7.542800369734162e-11
42,620.3294,20000.0,20000.0,4.356541e-08,4.3854329999999996e-08,1.2735200940526274e-11
43,524.5084,20000.0,20000.0,1.112228e-07,0.0005123728,1.2805200361341084e-10
44,5570.294,20000.0,20000.0,0.48997070000000004,0.0006201005,0.008146500000000487
45,9277.665,20000.0,20000.0,0.0001372902,8.363485e-07,7.211000369369843e-16
46,310.9317,20000.0,20000.0,1.173285e-05,0.00010504979999999999,1.1783700823460135e-10
47,294.8606,20000.0,20000.0,0.006428019,0.2696191,23.10600000000414
48,447.77099999999996,20000.0,20000.0,4.599848000000001e-08,1.1956709999999999e-06,3.37960025164208e-11
49,192.1349,20000.0,20000.0,0.003049997,1.742196e-07,1.4680000016545596e-06
50,439.6688,20000.0,20000.0,0.001915475,8.131196000000001e-08,2.03878000681674e-08
51,348.708,20000.0,20000.0,4.402480000000001e-08,1.059039e-06,7.601100598820107e-11
52,131.2537,20000.0,20000.0,1.2366569999999999e-05,7.090549e-06,1.0133600832103027e-09
53,149.9609,20000.0,20000.0,2.024178e-05,2.155068,651010.0000000017
54,135.3782,20000.0,20000.0,0.002885838,0.00126014,3.79860000495507e-06
55,178.8539,20000.0,20000.0,4.947902e-07,3.030662e-07,4.796900363465025e-10
56,231.0499,20000.0,20000.0,2.697546e-08,0.00161027,7.651300034601601e-08
57,6283.727,20000.0,20000.0,3.6577670000000005e-05,2.004816e-08,1.6040302023898789e-15
58,262.4839,20000.0,20000.0,0.004392506,0.009374784,7.402500000911953e-05
59,508.915,20000.0,20000.0,1.8063089999999998e-07,1.135926,1775.7400000000146
60,689.2193,20000.0,20000.0,8.889357e-05,0.02548381,0.000195863000002943
61,203.1079,20000.0,20000.0,6.007933000000001e-05,0.0009024330999999999,1.2812500152324e-08
62,351.5629,20000.0,20000.0,0.1349659,0.0001519306,0.9432400000005808
63,615.8886,20000.0,20000.0,0.009324443,2.259617e-06,3.714300000521302e-06
64,5480.803000000001,20000.0,20000.0,1.238345e-05,0.005163017,1.0435200003837841e-10
65,230.0698,20000.0,20000.0,1.8413710000000001e-06,2.623719e-07,2.1280301827500183e-10
66,2285.948,20000.0,20000.0,2.880649,2.407406e-06,601.2900000000004
67,163.4012,20000.0,20000.0,1.931683e-06,0.0008954500999999999,2.0526500291128998e-08
68,104.9505,20000.0,20000.0,9.175277e-06,1.792058e-05,1.7946801422160051e-09
69,8967.634,20000.0,20000.0,1.989475e-08,1.874277e-05,8.651600668132004e-16
70,4080.618,20000.0,20000.0,5.9589739999999996e-08,0.0001594342,2.655490155743616e-14
71,183.1464,20000.0,20000.0,0.0008596757000000001,0.001040801,7.185500043221303e-08
72,174.9407,20000.0,20000.0,0.01062721,0.007711611,0.00058552000004254
73,1206.422,20000.0,20000.0,3.420024e-08,0.0003578554,5.792800140678934e-12
74,3364.676,20000.0,20000.0,2.111033e-05,6.862746e-07,5.1155002158845427e-14
75,8036.794,20000.0,20000.0,0.002958031,2.805657e-06,3.316960003564573e-12
76,126.2286,20000.0,20000.0,8.208710999999999e-07,0.5108914999999999,3158.2700000001564
77,285.54400000000004,20000.0,20000.0,0.31247040000000004,4.594663e-07,53.561000000006224
78,1092.105,20000.0,20000.0,1.129492e-07,1.096493,145.46600000000117
79,126.2286,20000.0,20000.0,0.2576864,4.3783580000000004e-05,188.80800000003924
80,165.1139,20000.0,20000.0,0.0035035879999999998,0.33598059999999996,283.13500000003427
81,340.3593,20000.0,20000.0,1.544084e-05,3.2604270000000003e-06,8.483200605140124e-11
82,5784.338000000001,20000.0,20000.0,0.0002957821,1.243657e-08,1.1897800410956729e-14
83,272.0865,20000.0,20000.0,0.05515551,0.08854483,0.7665600000008227
84,1734.4679999999998,20000.0,20000.0,5.4169e-07,0.002926119,9.970800016914611e-10
85,429.1627,20000.0,20000.0,7.019790999999999e-07,0.03936879,0.004290700000029456
86,870.1439999999999,20000.0,20000.0,0.05298452,9.778886e-08,0.0013343000000050856
87,297.1871,20000.0,20000.0,0.00036517839999999994,0.00015453909999999999,4.898500178244008e-10
88,4126.899,20000.0,20000.0,1.518499e-06,0.02975486,7.861500000039132e-07
89,6244.549,20000.0,20000.0,7.702576e-05,1.339845e-07,2.945700191792633e-15
90,2022.9129999999998,20000.0,20000.0,0.4487031,6.138743e-05,0.370020000000024
91,1700.151,20000.0,20000.0,5.323584000000001e-07,0.35411820000000005,0.2388590000000166
92,184.1008,20000.0,20000.0,0.06727788,0.24832240000000003,72.4010000000133
93,1052.635,20000.0,20000.0,0.0003890649,0.004441388,4.0795000020466396e-08
94,276.8109,20000.0,20000.0,0.0017115560000000001,1.0822049999999999e-08,5.4744000218360995e-08
95,4953.537,20000.0,20000.0,5.166377e-07,0.0001149952,9.549700368052168e-15
96,592.2673,20000.0,20000.0,1.2120649999999999e-08,0.0051869920000000005,3.99900000170412e-07
97,9641.369,20000.0,20000.0,2.580602e-07,0.38781740000000003,0.0005875900000000204
98,878.0324,20000.0,20000.0,0.13277629999999999,0.000225684,0.05908400000002392
99,4430.932,20000.0,20000.0,1.465554e-08,0.8243448,0.1508430000000034
1,4278.46,20000.0,20000.0,3.958453e-05,5.05014e-08,1.0320807343802215e-14
2,1520.0720000000001,20000.0,20000.0,1.786472e-06,1.550142,109.46800000000681
3,4023.515,20000.0,20000.0,2.9393119999999996e-08,1.3936870000000001e-08,9.786406413433978e-15
4,1876.625,20000.0,20000.0,4.473319999999999e-08,0.001265682,3.9173001131490407e-11
5,1995.765,20000.0,20000.0,6.088938e-05,0.0006432696,1.4263903420723827e-12
6,1743.412,20000.0,20000.0,2.861529,0.08882519999999999,789.9500000000097
7,1288.153,20000.0,20000.0,2.5219419999999997,0.16866579999999998,2280.970000000029
8,9194.190999999999,20000.0,20000.0,1.246221e-08,3.1294179999999995e-05,2.259302191493994e-16
9,3785.312,20000.0,20000.0,0.0853678,1.415236e-06,2.4717600000509892e-05
10,7508.441,20000.0,20000.0,0.04619877,1.98538e-08,9.508200001439616e-08
11,102.3573,20000.0,20000.0,0.09621185,6.362217e-05,6.6834000000856975
12,215.3287,20000.0,20000.0,3.43399e-05,5.061548e-07,1.3541213766503063e-10
13,5068.827,20000.0,20000.0,0.006634726999999999,0.003702885,9.299000017865704e-10
14,524.6861,20000.0,20000.0,0.3018841,6.769961999999999e-05,8.482700000008766
15,1261.479,20000.0,20000.0,0.002554466,3.4252530000000002e-06,2.5077000296023998e-09
16,355.1068,20000.0,20000.0,0.7523324,6.970199000000001e-08,899.5800000001683
17,802.8784,20000.0,20000.0,4.5789010000000006e-06,0.03626632,0.0005064900000237359
18,6647.82,20000.0,20000.0,0.05877691,1.619802e-08,1.5904500000371339e-06
19,220.8736,20000.0,20000.0,1.872537,2.4903520000000002e-08,132323.00000000425
20,1307.289,20000.0,20000.0,9.144809999999999e-05,0.002205399,1.4586200146402005e-09
21,1710.514,20000.0,20000.0,0.12958820000000001,0.0002102955,0.005072100000020196
22,124.3311,20000.0,20000.0,1.735491e-07,9.129916e-07,4.83700613364147e-10
23,427.6701,20000.0,20000.0,2.159481e-07,1.45423e-06,2.1332017257603443e-11
24,7761.653,20000.0,20000.0,1.4244810000000002e-06,0.0005000301,3.268241697799921e-15
25,3485.667,20000.0,20000.0,0.0003047767,1.229482e-07,3.043202427056849e-14
26,152.96200000000002,20000.0,20000.0,6.242566999999999e-07,0.44885569999999997,1163.0800000006934
27,607.8949,20000.0,20000.0,0.0025293670000000002,0.01002206,6.18120000691285e-06
28,167.1778,20000.0,20000.0,0.002198912,0.06507130000000001,0.4194800000103117
29,904.6086,20000.0,20000.0,1.4355e-08,6.6140390000000006e-06,2.11570164339054e-12
30,1528.076,20000.0,20000.0,0.0121102,0.00024388549999999998,5.05310000425274e-07
31,3782.9570000000003,20000.0,20000.0,9.300828e-07,1.3730930000000002e-08,5.554010719283603e-15
32,360.4485,20000.0,20000.0,8.504987e-05,2.27923e-05,3.58090342949064e-11
33,149.5207,20000.0,20000.0,4.820952e-06,1.021292e-06,3.3869037629608176e-10
34,4684.14,20000.0,20000.0,1.201618e-06,0.0837497,2.279500000022841e-05
35,8343.487,20000.0,20000.0,3.179351,0.02708496,4.123770000000027
36,3495.594,20000.0,20000.0,1.922172e-06,0.04723283,5.5944900002552234e-06
37,318.7521,20000.0,20000.0,0.4113047,0.0002465197,124.0270000000729
38,1479.422,20000.0,20000.0,2.409549,0.0381574,1122.2800000000136
39,631.278,20000.0,20000.0,0.001293614,6.375460999999999e-05,1.586650094989001e-09
40,993.4142,20000.0,20000.0,1.631148,0.0003400087,870.4300000000258
41,4976.35,20000.0,20000.0,0.01631825,0.145591,0.00010941000000087687
42,390.51300000000003,20000.0,20000.0,0.0001711144,0.001538939,1.4868100578155006e-08
43,333.7607,20000.0,20000.0,0.001427044,8.844251e-08,1.3209900840501008e-08
44,845.5448,20000.0,20000.0,0.23978539999999998,5.218342e-06,0.5770000000011715
45,591.2303,20000.0,20000.0,0.00034495,1.234911e-08,2.5042414165201496e-11
46,4931.696,20000.0,20000.0,0.00019303700000000002,3.1109479999999996e-05,2.9442038218869033e-15
47,244.9456,20000.0,20000.0,3.792412e-08,8.253667e-07,9.6205100500021e-11
48,4722.609,20000.0,20000.0,1.1013810000000001e-07,0.00042550730000000004,3.8089009976245057e-14
49,4090.637,20000.0,20000.0,0.6859013,0.00271532,0.1520600000000319
50,3427.087,20000.0,20000.0,0.10579269999999999,0.003077607,0.00020411000000198685
51,207.956,20000.0,20000.0,9.298919e-06,5.973155e-08,1.4623315397503343e-10
52,779.0854,20000.0,20000.0,4.2562690000000004e-05,0.0002008096,6.888104253400724e-12
53,690.4561,20000.0,20000.0,0.03878359,7.000977e-08,0.000766870000045813
54,1830.014,20000.0,20000.0,1.323953e-06,1.401075e-06,1.4626413567433175e-13
55,125.8236,20000.0,20000.0,0.006193245,0.03424656,0.0648870000064491
56,1264.838,20000.0,20000.0,1.387618,2.599145e-05,238.26000000000823
57,6551.079000000001,20000.0,20000.0,0.04298415,4.232858e-05,3.2327000001950225e-07
58,562.415,20000.0,20000.0,0.01038535,0.4113169,20.494200000010625
59,2257.863,20000.0,20000.0,0.2151323,0.0001007951,0.005866300000016022
60,226.0482,20000.0,20000.0,2.6134e-07,0.06199346,0.15387300000438
61,305.8771,20000.0,20000.0,5.38102e-07,0.02451746,0.001558580000295073
62,198.2154,20000.0,20000.0,0.009885348,2.725379e-06,0.000136786000159152
63,262.0764,20000.0,20000.0,1.8467089999999999e-06,0.001026596,8.140900888230017e-09
64,3137.921,20000.0,20000.0,0.24019369999999998,3.716705e-08,0.006044600000007032
65,1660.475,20000.0,20000.0,4.4525979999999997e-07,0.0027306540000000003,7.740500130154002e-10
66,4914.839,20000.0,20000.0,1.298354e-05,4.2250100000000006e-07,4.471203054063846e-15
67,721.3945,20000.0,20000.0,0.000103715,1.2237519999999999e-05,4.433403025300791e-12
68,1227.378,20000.0,20000.0,0.416814,0.001042307,2.2465000000008706
69,565.3082,20000.0,20000.0,1.4536180000000001e-08,1.3158720000000001e-05,8.757508539951543e-12
70,174.3747,20000.0,20000.0,1.021601e-05,1.243646e-05,2.141032485210558e-10
71,1214.734,20000.0,20000.0,0.002272899,9.493544e-06,1.5627900327113004e-09
72,691.6187,20000.0,20000.0,3.5158359999999996e-07,0.0002788341,1.0298806013481213e-11
73,500.4287,20000.0,20000.0,1.866901e-05,3.9759859999999996e-07,1.3329211410302521e-11
74,246.9419,20000.0,20000.0,4.287661e-06,0.49179880000000004,486.1600000002166
75,187.4317,20000.0,20000.0,5.5806940000000005e-05,0.0031887870000000002,1.8371400191692e-06
76,222.4902,20000.0,20000.0,8.096214000000001e-07,4.365082e-05,1.2429813643602842e-10
77,203.3987,20000.0,20000.0,0.0001638362,1.966284,196839.00000000585
78,7194.3330000000005,20000.0,20000.0,4.445371e-05,0.00581144,4.126800020014127e-11
79,1051.761,20000.0,20000.0,9.453874e-07,0.0007548539999999999,3.557250749131034e-11
80,189.3345,20000.0,20000.0,1.375823,0.0013291989999999999,58807.00000000356
81,1845.114,20000.0,20000.0,6.268879e-05,0.003158732,1.1426200136829e-09
82,827.9622,20000.0,20000.0,2.052369e-06,2.159781e-05,2.1947022813306096e-12
83,376.0416,20000.0,20000.0,1.6475660000000002e-08,0.02911168,0.0019599000002189994
84,458.4627,20000.0,20000.0,0.5536536999999999,0.23790450000000002,173.03500000004894
85,171.47299999999998,20000.0,20000.0,1.15571e-06,0.6367206,3516.100000000989
86,289.5369,20000.0,20000.0,0.01702777,4.223955e-07,0.000378180000167992
87,4064.202,20000.0,20000.0,1.3251060000000002e-07,0.03711809,1.192820000071976e-06
88,2990.5409999999997,20000.0,20000.0,0.01423163,0.002067424,4.43110000323366e-08
89,593.7373,20000.0,20000.0,2.752216e-07,2.2076229999999998e-07,7.517106009901441e-12
90,2125.929,20000.0,20000.0,5.568196999999999e-07,0.0006339846,2.8799003167912507e-12
91,876.706,20000.0,20000.0,0.0002802401,0.01301563,6.357700003419699e-06
92,1744.661,20000.0,20000.0,2.128613,5.166056999999999e-06,318.2500000000068
93,3341.175,20000.0,20000.0,2.2251039999999998e-08,5.174398e-07,1.5295112277613744e-14
94,2398.105,20000.0,20000.0,0.0021370210000000002,2.729664e-08,1.511470019985503e-10
95,2183.894,20000.0,20000.0,0.004809261,1.630284e-06,3.60886001652089e-09
96,116.4771,20000.0,20000.0,0.02926567,0.0002993426,0.03883600000581548
97,1906.889,20000.0,20000.0,2.0301500000000002e-05,0.00022578150000000002,3.701201524344087e-13
98,7243.468000000001,20000.0,20000.0,0.2973059,0.0006265366,0.00035879100000056814
99,298.3021,20000.0,20000.0,0.002590208,0.0009427894999999999,3.0855000426623e-07
100,2014.02,20000.0,20000.0,0.7820674,1.18248e-07,4.49530000000043
101,5026.605,20000.0,20000.0,0.001063298,1.11295e-07,5.215400308007841e-13
102,622.7309,20000.0,20000.0,3.498512e-06,0.0033476020000000003,5.5176000660427e-08
103,111.2812,20000.0,20000.0,0.0006952055999999999,1.153135e-08,2.1013704502540194e-08
104,1356.5520000000001,20000.0,20000.0,0.4427224,1.333216e-08,0.9912800000007328
105,694.4630000000001,20000.0,20000.0,1.806246,0.006255037,3227.800000000149
106,1182.627,20000.0,20000.0,1.636224e-05,0.7582589,20.923800000003578
107,2741.7670000000003,20000.0,20000.0,3.998711e-08,1.107356,4.404300000000205
108,290.5693,20000.0,20000.0,9.054003e-06,3.57553e-08,5.990706308381265e-11
109,2535.666,20000.0,20000.0,0.0021262489999999998,1.178912e-07,9.82060009514102e-11
110,3098.487,20000.0,20000.0,3.74229e-08,3.805578e-05,3.320301931707673e-14
111,224.3378,20000.0,20000.0,0.01403218,0.0006968003999999999,0.0003834700002252821
112,2081.5370000000003,20000.0,20000.0,9.335155e-05,1.6973970000000002e-05,1.0884410520773995e-13
113,6337.514,20000.0,20000.0,2.2185749999999998e-06,4.4061320000000006e-05,1.304060822170543e-15
114,1034.6860000000001,20000.0,20000.0,4.9777239999999993e-08,2.233468e-06,1.0923808883233478e-12
115,9308.173,20000.0,20000.0,0.01092433,0.00177763,5.499300003044663e-10
116,399.4461,20000.0,20000.0,0.003491497,3.151793e-06,2.6798000279579995e-07
1,517.2995,20000.0,20000.0,2.6046110000000002,0.02268022,49684.00000000077
2,1384.3339999999998,20000.0,20000.0,0.07659472,0.9023978000000001,33.34500000000408
3,3706.985,20000.0,20000.0,9.711685e-07,8.200678e-06,6.003509906782101e-15
4,129.3394,20000.0,20000.0,1.404798e-06,0.0002590288,8.182210129322579e-10
5,2573.2729999999997,20000.0,20000.0,2.2919720000000002e-07,0.01056744,5.4608000069342897e-08
6,3486.9309999999996,20000.0,20000.0,6.489208999999999e-06,2.0800419999999997,28.548000000000748
7,3681.2540000000004,20000.0,20000.0,3.609548e-06,3.407997e-07,4.0679082713627704e-15
8,450.9517,20000.0,20000.0,0.0011357539999999999,0.0001317972,2.762800271320007e-09
9,312.1837,20000.0,20000.0,8.44546e-08,1.9558020000000002e-07,2.065704806462104e-11
10,2903.1859999999997,20000.0,20000.0,0.00048210610000000003,2.8365040000000005e-07,2.1702407838846462e-13
11,568.2295,20000.0,20000.0,5.666427e-08,2.5188860000000003e-08,3.0178071999058174e-12
12,707.4753,20000.0,20000.0,0.07871906,0.003998869,0.01195720000026281
13,1020.826,20000.0,20000.0,0.0008810077000000001,0.10467560000000001,0.010356900000172531
14,527.2638,20000.0,20000.0,0.00031557709999999997,5.649461e-06,2.7325022514106425e-11
15,533.3736,20000.0,20000.0,0.000329601,0.2772578,5.4158000000096616
16,2996.784,20000.0,20000.0,2.3428310000000003e-08,3.059558,201.65900000000335
17,1621.4779999999998,20000.0,20000.0,1.063898e-08,0.07930767,0.0009093400000127992
18,373.23900000000003,20000.0,20000.0,2.2850970000000003e-05,3.4915,379900.00000000454
19,791.3475,20000.0,20000.0,0.002567779,4.926680999999999e-08,1.1818200191437e-08
20,224.5102,20000.0,20000.0,4.116455e-08,0.0003119666,2.9222028508605333e-10
21,293.7697,20000.0,20000.0,8.469769e-08,0.01073608,6.500000008014471e-05
22,624.635,20000.0,20000.0,7.809002e-06,0.006162241999999999,7.719200033151298e-07
23,1478.757,20000.0,20000.0,0.0214102,1.636677e-06,6.786700001899968e-06
24,1180.9769999999999,20000.0,20000.0,2.681352e-06,0.08839827,0.0034431000000775445
25,434.1745,20000.0,20000.0,1.074874e-06,0.0035444659999999996,2.0680500272217e-07
26,361.9912,20000.0,20000.0,1.191537,1.802373e-06,5646.5000000006
27,1015.3489999999999,20000.0,20000.0,4.497352e-07,0.01150692,1.99837000186202e-06
28,7811.302,20000.0,20000.0,0.5672202,0.1209089,0.006452300000002628
29,634.9866,20000.0,20000.0,0.0025130829999999997,4.326616e-05,1.9729500506286007e-08
30,733.9653,20000.0,20000.0,0.01099434,1.2542580000000001e-05,5.24220000460013e-06
31,5522.298000000001,20000.0,20000.0,0.04169752,2.9457360000000003e-08,6.98880000056074e-07
32,1491.963,20000.0,20000.0,0.0014973179999999999,7.528495999999999e-07,2.1630000766191213e-10
33,6986.121,20000.0,20000.0,0.1294702,9.52798e-07,1.0771500000159517e-05
34,258.5988,20000.0,20000.0,0.02008226,6.328505e-06,0.0010867600004177693
35,2522.882,20000.0,20000.0,0.01605606,8.698426e-08,3.4033000014338397e-07
36,8556.112,20000.0,20000.0,1.7390320000000003e-07,0.003466752,5.5112000527892314e-12
37,199.4986,20000.0,20000.0,5.033965e-05,0.6540421999999999,2451.400000000973
38,7981.743,20000.0,20000.0,0.3588598,5.4116029999999996e-08,0.0008543400000007462
39,1440.8729999999998,20000.0,20000.0,8.406296999999998e-05,0.02159861,7.217300002164202e-06
40,4802.843,20000.0,20000.0,2.594955e-07,2.667793e-07,2.3144022765001652e-15
41,1333.0970000000002,20000.0,20000.0,0.4304168,3.274135e-05,1.3425900000011268
42,1595.48,20000.0,20000.0,5.830424000000001e-06,0.0073115559999999994,4.6069000156763e-08
43,1725.845,20000.0,20000.0,0.41258069999999997,3.47817e-07,0.4727600000003513
44,593.0413,20000.0,20000.0,1.132472,1.144495,3989.500000000236
45,1441.226,20000.0,20000.0,2.7557170000000004e-06,0.03937203,8.044700000602724e-05
46,1607.266,20000.0,20000.0,7.023009e-08,0.002588689,1.044600020837902e-09
47,505.3954,20000.0,20000.0,1.461138e-06,3.745702e-07,5.043308889006083e-12
48,119.3507,20000.0,20000.0,1.2618350000000001e-05,6.839405999999999e-08,2.7541862862431423e-10
49,246.6454,20000.0,20000.0,0.00047712680000000003,0.0003303399,1.3682005122740404e-09
50,259.7348,20000.0,20000.0,2.2577510000000001e-07,0.007453771,2.3012000058778306e-05
51,152.5564,20000.0,20000.0,0.9184027,0.002597335,19948.600000003935
52,818.0965,20000.0,20000.0,2.977631e-08,5.286825000000001e-07,1.0445825286426563e-12
53,2555.222,20000.0,20000.0,2.2037240000000002,3.227259,821.0000000000102
54,499.3901,20000.0,20000.0,0.007604515,1.755448e-07,3.9006000095316e-06
55,7233.048000000001,20000.0,20000.0,6.864156000000001e-06,4.908728e-08,4.465105961930746e-16
56,139.8467,20000.0,20000.0,0.346064,1.0745039999999999e-05,511.5800000007051
57,176.13,20000.0,20000.0,5.8019940000000006e-05,1.6480529999999998e-07,1.1342024406011065e-10
58,135.833,20000.0,20000.0,0.00011606549999999999,0.44206940000000006,1483.3000000012485
59,1550.126,20000.0,20000.0,1.351438e-08,1.272835e-06,1.2619215732149353e-13
60,445.9258,20000.0,20000.0,1.905054e-07,0.0008232896,8.017201747430094e-10
61,5489.222,20000.0,20000.0,0.31919109999999995,0.003698722,0.0010638300000033998
62,1802.9820000000002,20000.0,20000.0,0.005338019,0.0016775579999999998,1.89601000709682e-08
63,228.3798,20000.0,20000.0,1.2909719999999999e-06,0.0002901341,2.366602544750468e-10
64,103.5096,20000.0,20000.0,3.703067e-06,4.42126e-06,3.890449121294615e-10
65,628.2527,20000.0,20000.0,0.0001588585,1.759912e-05,4.924807244844562e-12
66,4772.607,20000.0,20000.0,0.1774434,0.00127808,0.0005905000000018432
67,1195.0330000000001,20000.0,20000.0,9.663168e-05,6.023095e-05,3.2729061565979754e-13
68,304.865,20000.0,20000.0,0.0013159379999999998,0.0001601341,1.2718301218040024e-08
69,6494.648,20000.0,20000.0,1.8875400000000002,0.0001069394,0.6743000000000565
70,112.9444,20000.0,20000.0,3.0270589999999997e-06,1.199905e-06,3.1296474458237e-10
71,129.5721,20000.0,20000.0,5.22832e-06,3.345554,5391100.00000008
72,895.4315,20000.0,20000.0,9.83695e-08,3.922772e-08,5.248216002030211e-13
73,230.9489,20000.0,20000.0,0.0022734260000000003,0.2623467,47.59500000010085
74,191.8166,20000.0,20000.0,1.988731e-08,3.227384e-06,8.149318422108674e-11
75,1636.588,20000.0,20000.0,0.002072058,2.8561950000000002e-05,2.384850115430329e-10
76,270.5022,20000.0,20000.0,5.194148e-05,7.162161999999999e-07,3.523407287203004e-11
77,269.6141,20000.0,20000.0,0.00400478,3.898994e-05,1.6119100147421998e-06
78,341.38199999999995,20000.0,20000.0,3.67302e-05,0.01222041,7.14670000731424e-05
79,764.4013,20000.0,20000.0,0.07685510000000001,1.171597e-05,0.011281000000215877
80,630.6979,20000.0,20000.0,0.02759433,0.1309546,0.16985300000135245
81,188.75400000000002,20000.0,20000.0,0.00014914049999999998,0.0001638802,2.4716631495509253e-10
82,139.7809,20000.0,20000.0,1.150808e-08,2.3508870000000002e-07,1.884404151102051e-10
83,379.3441,20000.0,20000.0,2.352681e-07,6.783598e-05,1.3979025320612511e-11
84,2899.743,20000.0,20000.0,0.0018361329999999998,4.176495e-05,2.9660000849977404e-11
85,979.1819,20000.0,20000.0,8.624062000000001e-08,0.00636575,2.0610200074932698e-07
86,240.2292,20000.0,20000.0,3.786165e-07,0.0007914727999999999,3.923200913130047e-09
87,971.0967,20000.0,20000.0,0.0009662327,0.00015092989999999999,1.0223901545220376e-10
88,147.3638,20000.0,20000.0,1.370858e-05,0.7479640999999999,9704.300000002771
89,398.5623,20000.0,20000.0,1.0414940000000001,0.006420498,2381.4000000003584
90,5718.616,20000.0,20000.0,3.4046159999999997e-05,4.800239e-07,7.345825485136856e-16
91,222.0177,20000.0,20000.0,8.772218000000001e-07,2.072018e-06,5.8059121705057044e-11
92,159.9231,20000.0,20000.0,0.08139566,8.557039999999999e-08,1.0849300000275441
93,1547.496,20000.0,20000.0,0.08717878,0.04535331,0.001907140000024872
94,862.5408,20000.0,20000.0,1.6742639999999998e-07,5.626947e-07,9.875615274035305e-13
95,403.3053,20000.0,20000.0,1.107638e-05,0.0004109744,1.2026907781051023e-10
96,433.11699999999996,20000.0,20000.0,4.75129e-07,3.340155e-05,6.979617497808922e-12
97,2014.2160000000001,20000.0,20000.0,1.6570879999999999e-06,0.07513401,0.00030235000000525107
98,357.098,20000.0,20000.0,1.1429940000000002e-06,7.910717e-06,1.3653328944312374e-11
99,239.4717,20000.0,20000.0,0.00668097,1.21833e-07,1.7535400054720302e-05
100,845.6999,20000.0,20000.0,0.01023205,0.8476269000000001,118.22400000002136
101,1088.248,20000.0,20000.0,8.575479e-08,1.021889e-07,3.5570848338406357e-13
102,537.3491,20000.0,20000.0,0.08155699,2.466634e-06,0.0346260000007586
103,408.5003,20000.0,20000.0,0.03143092,5.108314e-08,0.002053860000287889
104,2252.841,20000.0,20000.0,0.007339246999999999,0.5801079,0.8114000000002562
105,261.6608,20000.0,20000.0,2.9992990000000005e-05,1.60525e-05,3.726807150713629e-11
106,1239.515,20000.0,20000.0,3.1867509999999994e-08,1.127209,92.54100000000976
107,1726.8370000000002,20000.0,20000.0,0.0006072895,0.1767467,0.017072900000070168
1,7882.153,20000.0,20000.0,1.1938430000000001e-05,1.110141e-06,5.5019378921505e-16
2,264.5632,20000.0,20000.0,1.123015e-07,7.062493e-05,1.146807627590246e-10
3,934.2677,20000.0,20000.0,2.4260479999999998e-05,0.0004784216,1.9180542682715497e-11
4,1518.035,20000.0,20000.0,1.226121e-07,0.001300408,9.701003132790279e-11
5,1412.3770000000002,20000.0,20000.0,3.025089e-06,0.03767598,8.255100002996841e-05
6,2075.525,20000.0,20000.0,3.771311e-05,4.1163920000000006e-07,1.3615786214009255e-13
7,1189.433,20000.0,20000.0,2.45455e-05,1.138246e-06,9.224258615046638e-13
8,8339.937,20000.0,20000.0,0.06431425,2.08244e-07,1.1446200000794823e-06
9,302.9973,20000.0,20000.0,0.01208764,1.450409e-06,0.000103925000575088
10,555.1797,20000.0,20000.0,0.008939868,0.002306022,5.8725000549808e-06
11,181.926,20000.0,20000.0,1.126326e-08,2.74628e-08,2.9685223172315827e-10
12,106.1122,20000.0,20000.0,0.006632415,0.001757858,0.00015594300322388998
13,5492.286,20000.0,20000.0,5.894905e-06,0.5223207999999999,0.019852200000035656
14,193.6191,20000.0,20000.0,8.083783e-05,0.6358539000000001,2465.50000000531
15,812.8662,20000.0,20000.0,5.447488e-07,6.944644e-08,3.7707233590247e-12
16,188.2226,20000.0,20000.0,7.930334e-08,0.001383242,7.248802882760265e-08
17,895.4787,20000.0,20000.0,8.439894e-05,8.733605e-06,2.4518136107176838e-12
18,1143.256,20000.0,20000.0,7.843779e-06,0.05431557,0.000531190000148472
19,5085.11,20000.0,20000.0,1.1673209999999998,0.00043281699999999995,0.6142300000003792
20,3955.688,20000.0,20000.0,0.001253685,4.982327e-06,3.423800889410209e-12
21,2263.429,20000.0,20000.0,0.08188846,2.4638619999999998e-08,0.00023123600002889259
22,8633.078000000001,20000.0,20000.0,0.0007103827000000001,0.579563,0.0014255100000061807
23,195.2417,20000.0,20000.0,6.984901e-06,1.9013509999999998,187918.0000000511
24,7052.269,20000.0,20000.0,4.610429e-05,1.438185,0.2925630000001285
25,3471.4640000000004,20000.0,20000.0,0.08652884,6.89947e-08,7.920400000624603e-05
26,3927.862,20000.0,20000.0,1.365508e-08,0.04765078,6.3967000016378975e-06
27,3916.824,20000.0,20000.0,2.932478e-07,2.2352529999999997e-08,1.3404475213784985e-14
28,1073.79,20000.0,20000.0,0.05663503,2.058347e-05,0.0011029800002641018
29,2114.047,20000.0,20000.0,0.03735639,0.02434857,1.4586400008049759e-05
30,3124.7909999999997,20000.0,20000.0,1.8109860000000001e-06,2.0842419999999997,25.51500000000425
31,9255.909,20000.0,20000.0,0.00034878050000000004,0.04872678,1.667650000575087e-07
32,7937.659000000001,20000.0,20000.0,7.308069e-08,2.090415e-05,9.215870987055236e-16
33,3414.663,20000.0,20000.0,6.483276e-07,6.6343510000000005e-06,1.0782096822589741e-14
34,3898.183,20000.0,20000.0,0.0007226892999999999,1.903228e-06,2.4255630414239355e-13
35,265.7284,20000.0,20000.0,0.2655628,0.0021746829999999997,30.231000000385574
36,117.3137,20000.0,20000.0,2.670395e-06,0.004842817,3.109750122783001e-05
37,1402.588,20000.0,20000.0,0.0004471489,0.00016372379999999998,4.212408727603086e-12
38,391.5635,20000.0,20000.0,2.969882,1.0618610000000002,174847.00000001548
39,5463.365,20000.0,20000.0,8.983116e-06,0.05494854,1.616000000689348e-06
40,660.7504,20000.0,20000.0,1.5007779999999997e-05,0.0001830467,9.293065484444616e-12
41,346.91,20000.0,20000.0,0.00022734169999999999,0.16351210000000002,1.9265700000811583
42,270.5404,20000.0,20000.0,3.9209850000000004e-07,1.540672e-07,9.787078449695807e-11
43,6210.579000000001,20000.0,20000.0,1.255588e-06,0.0002548933,3.2321293866177483e-15
44,101.1663,20000.0,20000.0,4.378951e-07,5.329218e-06,1.199639543215759e-09
45,7892.979,20000.0,20000.0,1.4527809999999998e-08,3.8502420000000003e-07,6.253021157871588e-16
46,2033.507,20000.0,20000.0,4.786726e-07,5.341693e-05,8.00168339139946e-14
47,2453.124,20000.0,20000.0,0.0009940697,3.8701409999999996e-05,4.1862041751207095e-12
48,167.6933,20000.0,20000.0,0.02271628,1.4162370000000002,91315.00000003864
49,702.7636,20000.0,20000.0,8.77728e-05,6.009833e-06,7.558830772740174e-12
50,4875.847,20000.0,20000.0,0.002589222,0.4765081,0.01802950000003876
51,152.2658,20000.0,20000.0,0.0006363442,0.002115987,7.24140135411005e-07
52,8685.999,20000.0,20000.0,8.726993e-06,0.5461029000000001,0.003710300000009961
53,122.7739,20000.0,20000.0,0.01148419,1.2632e-06,0.0008236500061104501
54,3671.741,20000.0,20000.0,6.215204e-07,0.06860687,2.219710000271658e-05
55,111.5174,20000.0,20000.0,2.1943120000000002e-08,0.0014196170000000002,2.902991290412123e-07
56,107.8086,20000.0,20000.0,3.2324959999999996e-07,0.0021868020000000003,1.617040310463014e-06
57,174.1264,20000.0,20000.0,2.243423,1.599106e-07,493190.00000009476
58,793.0459,20000.0,20000.0,1.3260079999999999e-05,1.179626,377.9100000003428
59,552.5484,20000.0,20000.0,0.00035688239999999996,6.3696e-06,5.5708168443098537e-11
60,3955.038,20000.0,20000.0,1.7873860000000001,3.4414910000000005e-08,8.526400000001836
61,1344.474,20000.0,20000.0,2.709264e-05,0.04476795,0.00017959300006533622
62,2383.529,20000.0,20000.0,7.97989e-05,0.00022887439999999998,2.1317695016988877e-13
63,1731.713,20000.0,20000.0,6.812045e-05,0.7179454000000001,4.848600000006557
64,706.5295,20000.0,20000.0,1.005862e-08,4.231501e-06,3.828738412935834e-12
65,187.5941,20000.0,20000.0,5.3556169999999995e-08,7.86889e-07,2.4591179822275984e-10
66,224.3918,20000.0,20000.0,0.03281004,0.01434195,0.016500700012148997
67,469.5462,20000.0,20000.0,0.00569162,0.4375045999999999,41.83500000022325
68,5304.738,20000.0,20000.0,0.0001316107,3.311668,24.73500000000164
69,127.834,20000.0,20000.0,3.333843e-08,8.178514e-06,6.742350410084168e-10
70,113.5874,20000.0,20000.0,2.9213709999999997,2.559972e-07,4284600.000000479
71,2392.7870000000003,20000.0,20000.0,0.001744785,1.099884e-07,6.358501022500053e-11
72,4751.8009999999995,20000.0,20000.0,0.01095561,3.371113e-08,6.414700021181201e-09
73,3868.615,20000.0,20000.0,3.250641e-08,1.3513910000000002e-07,1.2856749660882203e-14
74,314.9657,20000.0,20000.0,1.672362,0.00010896360000000001,32650.000000009208
75,4421.664000000001,20000.0,20000.0,3.07473e-07,5.651736999999999e-07,3.785757692978442e-15
76,747.2283,20000.0,20000.0,0.002269344,0.1441376,0.08780400000477329
77,3713.8259999999996,20000.0,20000.0,2.13885e-08,0.8105153,0.6126700000003218
78,1942.0829999999999,20000.0,20000.0,1.104224e-08,0.657606,1.864750000003852
79,9806.1,20000.0,20000.0,8.208235999999999e-08,2.982439e-06,5.03020965963764e-16
80,220.1214,20000.0,20000.0,5.5526549999999994e-05,0.02207396,0.00271180000477854
81,262.9569,20000.0,20000.0,0.06306495,0.005201193,0.11198800002403743
82,1500.361,20000.0,20000.0,0.6723156,9.079336e-06,5.358800000010858
83,341.6054,20000.0,20000.0,1.880331e-07,1.8225449999999997e-07,4.963931820742549e-11
84,6205.427,20000.0,20000.0,0.5149685,0.0028258370000000003,0.008168200000024191
85,8629.258,20000.0,20000.0,0.00010840180000000001,1.051046e-07,4.615627355807908e-16
86,3999.157,20000.0,20000.0,0.009449102,3.511536e-08,7.9265000473471e-09
87,488.1554,20000.0,20000.0,1.104988e-06,0.26809859999999996,6.4287000000732055
88,333.0863,20000.0,20000.0,0.001406149,1.186057e-06,1.581150664563047e-08
89,2371.59,20000.0,20000.0,0.8899578000000001,3.493374e-07,3.3451000000026143
90,2944.361,20000.0,20000.0,2.956914e-06,7.601491e-08,1.88298999575374e-14
91,219.988,20000.0,20000.0,0.008531801,0.01238294,0.00057172000224638
92,1843.442,20000.0,20000.0,3.255789e-05,0.0693603,0.0002643100000609474
93,5076.36,20000.0,20000.0,5.918037e-07,0.06267306,4.900600001121372e-06
94,297.0069,20000.0,20000.0,0.0001408643,0.145203,2.2732000000885626
1,472.4423,20000.0,20000.0,0.001634083,0.1620679,0.8507200000061187
2,595.4568,20000.0,20000.0,0.3548748,7.316731999999999e-07,9.367700000016127
3,4296.932,20000.0,20000.0,1.229589e-07,0.009131327,1.9644600082608907e-09
4,239.7627,20000.0,20000.0,1.918504e-07,8.7097e-06,7.124214698906376e-11
5,101.0779,20000.0,20000.0,5.958188e-08,0.2079585,147.23100000075442
6,126.7525,20000.0,20000.0,3.479683e-08,7.559493e-08,3.5896081808343565e-10
7,527.8975,20000.0,20000.0,0.008049335,0.002081698,3.5076000132133003e-06
8,780.8725,20000.0,20000.0,0.02001181,8.516496e-06,2.9536300021444605e-05
9,2739.7,20000.0,20000.0,1.655464,1.119067e-06,26.89490000000188
10,1338.925,20000.0,20000.0,0.10688330000000001,1.3792149999999999,112.44700000001242
11,230.331,20000.0,20000.0,3.2927929999999996e-06,0.0102182,0.00010177700018635
12,414.2328,20000.0,20000.0,3.934926e-06,0.5715176,180.58200000010436
13,645.8126,20000.0,20000.0,0.0001684911,0.0001542228,8.977512249903912e-12
14,278.5446,20000.0,20000.0,3.7820580000000003e-06,0.03687778,0.01061470000157033
15,2980.157,20000.0,20000.0,0.0001105601,0.06965134,3.094540000194576e-05
16,1223.89,20000.0,20000.0,1.026292,0.22096420000000003,61.542000000010546
17,217.8677,20000.0,20000.0,3.02224e-07,8.151449e-05,1.0674520304909959e-10
18,689.7667,20000.0,20000.0,0.1622308,0.5428571,36.96900000002532
19,217.6572,20000.0,20000.0,2.8893900000000002e-08,0.001000831,1.393050245564009e-08
20,1000.054,20000.0,20000.0,9.702041999999999e-05,3.115175,11669.300000000238
21,3489.4640000000004,20000.0,20000.0,0.01442637,0.002001362,5.95740000291146e-08
22,983.7055,20000.0,20000.0,0.0006945057000000001,0.0002355241,2.2926611599002162e-11
23,741.9823,20000.0,20000.0,0.01392439,2.720488e-06,1.0094700009579887e-05
24,8169.302,20000.0,20000.0,0.8135728,1.6146690000000001,0.229660000000032
25,111.91,20000.0,20000.0,0.0001843977,1.6116549999999997e-08,9.367516729126178e-10
26,2424.067,20000.0,20000.0,2.792802e-07,2.169866e-05,4.4328061416676565e-14
27,412.4135,20000.0,20000.0,0.02063381,0.01375033,0.0007232900002396829
28,717.1375,20000.0,20000.0,0.02426299,0.003447955,0.00014852800003753582
29,1276.482,20000.0,20000.0,0.002542066,7.867886999999999e-06,1.7052300511955011e-09
30,380.7265,20000.0,20000.0,0.14618689999999998,0.13352,3.691000000016964
31,1020.16,20000.0,20000.0,4.841584e-05,0.004468426,2.2966000279407e-08
32,9826.11,20000.0,20000.0,0.06305987,1.224314e-06,2.0712700000773195e-07
33,2487.0679999999998,20000.0,20000.0,9.488639000000001e-05,0.0043343240000000005,1.3806200091780006e-09
34,5052.627,20000.0,20000.0,0.0008553146,0.7626573,0.07423100000002311
35,2125.005,20000.0,20000.0,1.5310600000000002e-08,0.12333339999999998,0.0015470300000158914
36,1894.44,20000.0,20000.0,1.246002e-06,8.096857e-08,1.1963420449619686e-13
37,238.5037,20000.0,20000.0,0.003346995,1.3014e-06,1.1489000183125e-06
38,348.6699,20000.0,20000.0,2.253319e-06,3.784151e-05,2.5391056209122372e-11
39,854.697,20000.0,20000.0,0.012431399999999999,0.1248345,0.04110000000049942
40,289.6188,20000.0,20000.0,3.06934e-08,9.865641e-07,4.229509545053775e-11
41,259.2062,20000.0,20000.0,0.0006984219,0.036404900000000004,0.01131400000176069
42,978.2679,20000.0,20000.0,1.189856,0.00037017239999999997,141.80000000002494
43,2423.341,20000.0,20000.0,0.04085725,0.0008625047,1.273670000146464e-05
44,262.7715,20000.0,20000.0,0.02041351,0.0001674488,0.001220660000521274
45,258.3053,20000.0,20000.0,1.8547080000000003e-08,9.338812e-05,6.36781412460557e-11
46,6319.47,20000.0,20000.0,0.05827857,1.735167e-05,1.6418300000597176e-06
47,4440.769,20000.0,20000.0,2.4159009999999998e-08,0.01295485,1.070500001433733e-08
48,212.6792,20000.0,20000.0,0.0001259014,0.0479223,0.06312500000557746
49,2720.762,20000.0,20000.0,2.946178e-07,0.01499369,7.441300012068359e-08
50,7659.026999999999,20000.0,20000.0,1.542343e-08,9.956169e-06,6.782409415099827e-16
51,9682.292,20000.0,20000.0,0.0011541989999999999,2.681835e-07,3.1994105085439723e-14
52,2325.4570000000003,20000.0,20000.0,1.549201e-05,1.361182e-07,4.3936063464202166e-14
53,240.021,20000.0,20000.0,0.0005910185,0.0009141029,1.3162802047220072e-08
54,2410.761,20000.0,20000.0,5.205595e-05,1.344422,9.078000000001218
55,7248.681,20000.0,20000.0,1.198515,4.106774e-08,0.139467000000014
56,5230.76,20000.0,20000.0,0.433413,0.8507377,0.12012300000002953
57,254.3942,20000.0,20000.0,1.892479e-05,1.978824e-07,5.3042133762058604e-11
58,685.4928,20000.0,20000.0,0.008906703,0.0003061438,1.4378400057534201e-06
59,9620.860999999999,20000.0,20000.0,0.9589323000000001,0.005191274,0.01958620000000366
60,466.4333,20000.0,20000.0,1.310087e-08,4.21834e-05,1.0218122662409737e-11
61,4837.95,20000.0,20000.0,0.0046091890000000005,3.4752870000000003e-06,2.0618000100658286e-10
62,2345.1710000000003,20000.0,20000.0,0.04201444,0.0014583929999999999,1.0128000001829488e-05
63,1062.0330000000001,20000.0,20000.0,0.02514575,0.0006657074,4.685500000845871e-05
64,1025.973,20000.0,20000.0,0.0001932197,0.3665233,1.6911900000016975
65,785.3051,20000.0,20000.0,0.005457064,0.07771858,0.008708400000242261
66,165.5713,20000.0,20000.0,8.263844999999999e-08,1.232572e-06,1.7485041873320991e-10
67,231.3873,20000.0,20000.0,1.6854529999999999,0.2161513,73761.00000000546
68,2586.5170000000003,20000.0,20000.0,2.227402e-08,1.7293909999999999e-06,1.5394169026136863e-14
69,2647.41,20000.0,20000.0,0.00024796,3.576045e-05,7.417310230532623e-14
70,264.809,20000.0,20000.0,0.7236391,0.0007286205,1897.310000000701
71,5322.611,20000.0,20000.0,1.149414e-06,0.03187196,9.728900003599787e-08
72,5495.217,20000.0,20000.0,5.902528e-06,1.673221e-06,8.076231408477725e-16
73,627.9228,20000.0,20000.0,2.138029e-08,2.60277,20191.300000000712
74,965.9907,20000.0,20000.0,0.008624778,2.1133599999999997e-08,6.6598000138064e-07
75,132.4805,20000.0,20000.0,0.00018322669999999998,0.1802561,42.00300000027368
76,544.8321,20000.0,20000.0,2.019597e-06,2.2672270000000004e-05,6.1840123289054e-12
77,825.7728,20000.0,20000.0,2.8734759999999997,0.0008141347,17715.700000000343
78,228.9687,20000.0,20000.0,3.193365,0.00241362,1038810.0000000196
79,881.8695,20000.0,20000.0,5.3213439999999996e-08,0.00123008,3.4971005656620193e-10
80,176.17,20000.0,20000.0,0.002538261,2.509082,776490.0000000262
81,3601.743,20000.0,20000.0,0.2756513,1.215669,2.3396500000002582
82,474.5957,20000.0,20000.0,0.0006865511999999999,0.03774353,0.002570300000362411
83,1824.524,20000.0,20000.0,1.5399100000000001,0.00034650260000000004,74.19500000000436
84,3489.265,20000.0,20000.0,0.0004096417,0.0009872993,2.433730350985772e-12
85,265.0227,20000.0,20000.0,0.006068346,2.214696e-07,9.0076000513709e-06
86,5304.026,20000.0,20000.0,0.006206785,2.18717e-05,4.0900000208891165e-10
87,1439.454,20000.0,20000.0,1.477096e-06,1.644429e-08,2.1023855158129485e-13
88,1347.037,20000.0,20000.0,0.00113449,2.1179899999999997e-05,1.0181101065596096e-10
89,6240.234,20000.0,20000.0,0.03154171,0.008700245,1.8097400002474648e-07
90,639.6669,20000.0,20000.0,1.478495e-07,1.249537e-05,4.284408053994018e-12
91,422.4095,20000.0,20000.0,0.01910824,0.0007885555,0.00019722000012248602
92,301.942,20000.0,20000.0,0.5888269,0.001302992,521.5200000003126
93,7632.0509999999995,20000.0,20000.0,1.021797e-06,1.9981810000000002e-08,3.214089605631237e-16
94,713.7693,20000.0,20000.0,2.37318e-08,4.125231e-05,2.6194151780629555e-12
95,204.4223,20000.0,20000.0,0.009908248,2.792077e-08,0.00012858600028044898
96,4873.630999999999,20000.0,20000.0,0.42431890000000005,0.009617336,0.009474800000010487
97,399.8835,20000.0,20000.0,0.4823897,1.5163200000000002e-08,120.39200000008644
98,1203.6689999999999,20000.0,20000.0,0.0008493802,2.819021e-06,4.597600939245167e-11
1,1367.6770000000001,20000.0,20000.0,1.358498e-06,0.0006536838,8.041000519468626e-12
2,8109.491,20000.0,20000.0,3.750131e-06,1.1976210000000001e-05,2.463820886430077e-16
3,2025.5870000000002,20000.0,20000.0,3.3416080000000005e-08,0.000160557,7.746102737132878e-14
4,2050.638,20000.0,20000.0,2.285616e-08,2.2237939999999998e-08,4.83970172380404e-14
5,5671.428000000001,20000.0,20000.0,0.31286179999999997,2.713317e-08,0.002483900000000584
6,2021.5639999999999,20000.0,20000.0,6.921407e-05,0.2799257,0.06519000000001783
7,102.0563,20000.0,20000.0,4.1546709999999995e-08,2.606587e-07,4.3363018950801985e-10
8,5575.486999999999,20000.0,20000.0,0.0040565409999999994,1.229694,0.1817430000000104
9,154.4238,20000.0,20000.0,1.170657e-07,0.05038381,0.1738860000022997
10,434.7364,20000.0,20000.0,5.383654e-05,7.044291e-07,1.0832203761621463e-11
11,3284.03,20000.0,20000.0,3.261388,5.442791000000001e-08,166.7380000000003
12,109.2311,20000.0,20000.0,3.874764e-08,3.584275e-07,3.528041658824168e-10
13,668.618,20000.0,20000.0,0.01894201,5.082912999999999e-08,4.380900000408453e-05
14,9536.225,20000.0,20000.0,0.0004031937,0.8799870999999999,0.011367700000000315
15,1494.944,20000.0,20000.0,3.3209199999999996,0.02126186,4061.000000000007
16,550.0945,20000.0,20000.0,5.794568e-07,0.00021008009999999997,1.2743802141830918e-11
17,3424.593,20000.0,20000.0,2.144857e-07,1.7846119999999999,13.50480000000011
18,360.3791,20000.0,20000.0,1.103369e-08,4.742186e-08,1.7029106272291152e-11
19,1840.57,20000.0,20000.0,8.558572e-08,0.05645767,0.00014942700000117808
20,1228.264,20000.0,20000.0,8.627162e-05,7.997118000000001e-06,4.833401376315785e-13
21,119.0357,20000.0,20000.0,7.139817e-05,1.769443e-08,3.443761438712136e-10
22,9349.657,20000.0,20000.0,1.970686e-08,0.002033234,7.481700033077907e-13
23,366.1172,20000.0,20000.0,0.00017155209999999998,4.750809e-05,3.182700905050094e-11
24,2249.5570000000002,20000.0,20000.0,1.266325e-08,2.680073e-06,4.3243009283536017e-14
25,593.5729,20000.0,20000.0,4.60242e-07,6.924983e-06,3.626901294541042e-12
26,1263.8,20000.0,20000.0,0.02219257,0.004277449,1.3693400000770614e-05
27,239.7594,20000.0,20000.0,0.457309,0.0001828136,372.90000000005546
28,2299.113,20000.0,20000.0,1.5190840000000002e-08,6.809402e-07,3.605501068846241e-14
29,993.6147,20000.0,20000.0,0.8183145000000001,2.6540759999999997e-07,64.51000000000163
30,344.5568,20000.0,20000.0,3.287094e-05,0.006812319,7.034300004585932e-06
31,554.1223,20000.0,20000.0,5.401075e-06,2.473363e-06,4.711001778970798e-12
32,3453.639,20000.0,20000.0,3.148627e-07,0.5804875,0.08294800000000724
33,450.969,20000.0,20000.0,3.301970999999999e-05,0.0009401765,1.2786800423647013e-09
34,132.9846,20000.0,20000.0,1.643592e-05,0.01815044,0.004477000000434651
35,1765.2620000000002,20000.0,20000.0,0.23468920000000001,0.001330979,0.0465020000000188
36,365.6529,20000.0,20000.0,1.7491630000000002e-06,0.2261203,7.6467000000042145
37,657.1309,20000.0,20000.0,0.07138086,0.001469605,0.010737900000068362
38,735.6339,20000.0,20000.0,0.0009970957000000002,1.4159589999999998e-05,3.814300094558508e-10
39,210.7864,20000.0,20000.0,1.117345e-06,4.460872e-07,7.109002954640314e-11
40,847.8344,20000.0,20000.0,0.004793085999999999,7.690331000000001e-07,1.22318000096054e-07
41,849.9531,20000.0,20000.0,6.382075e-05,0.46656679999999995,9.67190000000118
42,4925.295999999999,20000.0,20000.0,8.36973e-07,1.953915e-07,2.3455704966996717e-15
43,8580.084,20000.0,20000.0,0.7620604000000001,0.0425719,0.008530200000000373
44,1146.687,20000.0,20000.0,4.8549130000000005e-06,1.395271,318.6300000000023
45,9675.964,20000.0,20000.0,2.88625e-05,2.457542e-05,9.514805764451064e-17
46,3457.9840000000004,20000.0,20000.0,2.086692e-05,0.02004458,1.7961700001477952e-07
47,4194.999,20000.0,20000.0,0.000171317,0.02015961,8.806000000316006e-08
48,272.5433,20000.0,20000.0,1.6473669999999998,0.04583947,41330.00000000052
49,2137.749,20000.0,20000.0,0.0003027397,2.580852,247.11200000000161
50,6813.138000000001,20000.0,20000.0,2.8682740000000003e-06,2.371216e-05,1.8798322585127776e-16
51,9343.414,20000.0,20000.0,0.00493178,2.286345e-07,1.6272200012133272e-11
52,191.166,20000.0,20000.0,0.0007283187,0.0005837683999999999,1.4609300473916999e-08
53,1118.739,20000.0,20000.0,0.03839794,0.0116549,0.00017540300000242598
54,6060.713000000001,20000.0,20000.0,0.07011443,1.776199e-05,2.416000000008733e-06
55,3825.395,20000.0,20000.0,1.568517e-07,2.061157e-06,4.9110022801908025e-15
56,1715.88,20000.0,20000.0,4.1569959999999995e-08,1.3290680000000002e-08,1.2380302827754737e-13
57,1084.437,20000.0,20000.0,2.146868,0.0004950048,1902.0200000000125
58,2200.241,20000.0,20000.0,0.0035255190000000004,3.383333e-08,1.306720001527531e-09
59,7063.4130000000005,20000.0,20000.0,5.509084e-05,1.3536010000000001e-08,6.238501018084607e-16
60,768.4653,20000.0,20000.0,0.008106282,2.0647579999999997e-05,9.73160000515944e-07
61,6032.797,20000.0,20000.0,4.378738e-06,1.1673260000000001e-06,2.927022773176986e-16
62,3077.2940000000003,20000.0,20000.0,2.9163900000000003e-06,4.033768e-06,5.882802579426311e-15
63,1095.046,20000.0,20000.0,0.00019479369999999998,3.5956179999999994e-07,1.2671102436459285e-12
64,7747.236999999999,20000.0,20000.0,4.040932000000001e-06,0.01537029,3.431910000379464e-09
65,2827.917,20000.0,20000.0,2.5495620000000003e-07,1.013763e-07,1.2353004505376476e-14
66,1025.407,20000.0,20000.0,0.5161818,5.198456e-06,6.99160000000095
67,5294.991,20000.0,20000.0,4.3577290000000003e-07,2.234969,6.5915000000000274
68,1095.1889999999999,20000.0,20000.0,0.03447699,0.0059052390000000005,0.00010903600000228102
69,117.69200000000001,20000.0,20000.0,1.288862e-06,0.1817766,60.621000000062246
70,162.4017,20000.0,20000.0,0.002962802,1.736864e-05,1.98631000727883e-06
71,1153.367,20000.0,20000.0,0.077785,0.02783354,0.002896500000010713
72,8274.133,20000.0,20000.0,3.726059e-07,0.1631602,2.691420000002537e-05
73,269.2249,20000.0,20000.0,3.136881e-08,6.131474e-08,3.4409014568602376e-11
74,1030.065,20000.0,20000.0,0.06180243,2.144439e-05,0.001893150000012415
75,2920.84,20000.0,20000.0,0.02826148,7.768171e-05,2.128600000053717e-06
76,354.5505,20000.0,20000.0,0.0007569892999999999,2.831947e-05,1.170580055812301e-09
77,1724.307,20000.0,20000.0,0.03356355,1.181738e-05,2.0781400000452865e-05
78,126.1475,20000.0,20000.0,2.824804e-05,1.09474e-07,2.735081172240114e-10
79,1514.922,20000.0,20000.0,0.01338933,0.009004046,1.7728600002389401e-06
80,1498.096,20000.0,20000.0,4.836687e-07,9.228799e-08,1.7510505812298994e-13
81,1126.6960000000001,20000.0,20000.0,5.7147109999999994e-05,0.004130518,2.4438800036842294e-08
82,877.2404,20000.0,20000.0,0.02224489,0.03160471,0.00035056000000882213
83,3742.1659999999997,20000.0,20000.0,0.0206568,5.273384e-05,2.3483000001335611e-07
84,392.5859,20000.0,20000.0,0.07287421,4.684812e-08,0.0580330000003639
85,2212.845,20000.0,20000.0,0.06093983,3.810961e-08,0.00012442200000060746
86,5495.734,20000.0,20000.0,0.02085769,1.6659170000000003e-05,3.029140000173834e-08
87,138.0768,20000.0,20000.0,4.245535e-05,0.004204650999999999,1.1557500020686e-05
88,1982.442,20000.0,20000.0,2.418843e-05,0.00180828,4.635700082833608e-11
89,2047.7520000000002,20000.0,20000.0,1.343467,0.001162254,34.32800000000032
90,1884.1989999999998,20000.0,20000.0,0.7863155,9.829024e-06,3.243000000000269
91,5659.101,20000.0,20000.0,0.05205701,4.927472e-06,8.005300000093359e-07
92,445.0814,20000.0,20000.0,0.0002149261,0.002516177,6.314200028916099e-08
93,991.8162,20000.0,20000.0,0.0006102736,0.0695609,0.0031762000000221447
94,206.5742,20000.0,20000.0,0.0004389726,0.750985,4207.100000000227
95,2485.3289999999997,20000.0,20000.0,0.008813654,0.0001215595,3.1273000005070185e-08
96,9442.41,20000.0,20000.0,0.05464922,0.0017369879999999999,3.072000000018386e-07
97,504.2607,20000.0,20000.0,0.0014669879999999998,4.639271e-07,5.3769000688328995e-09
98,773.8118,20000.0,20000.0,0.7427768,0.001462351,81.98000000000417
99,404.1749,20000.0,20000.0,1.726857e-08,2.3055060000000003,62164.000000000284
100,128.6604,20000.0,20000.0,0.05541763,1.575673e-08,0.4017400000043676
101,439.9451,20000.0,20000.0,0.0002773566,0.9848078000000001,1604.4200000000437
1,1512.6229999999998,20000.0,20000.0,0.08501972,5.6930989999999995e-06,0.001407650000000302
2,158.2253,20000.0,20000.0,3.571327e-07,3.803779e-06,2.0856100736012054e-10
3,135.2839,20000.0,20000.0,0.25497889999999995,1.25022e-05,166.85000000000852
4,155.1655,20000.0,20000.0,0.0001193966,0.5280982,2116.2400000000275
5,320.8435,20000.0,20000.0,4.477111e-07,0.9552889000000001,3304.1000000000104
6,4546.719,20000.0,20000.0,0.00125544,1.919142,4.974040000000004
7,681.7491,20000.0,20000.0,8.990151e-07,0.9340374,331.1100000000011
8,178.7941,20000.0,20000.0,1.3432879999999998,0.01666021,63011.000000000124
9,126.5415,20000.0,20000.0,5.3109109999999995e-06,0.0015830879999999999,2.98932000387065e-07
10,451.2183,20000.0,20000.0,0.01157457,1.461912e-06,1.911830000052995e-05
11,1292.4389999999999,20000.0,20000.0,5.4877169999999995e-05,6.650289e-08,4.153200122715865e-13
12,396.9874,20000.0,20000.0,0.002100963,0.03760678,0.004362600000009431
13,2468.78,20000.0,20000.0,0.001557944,0.6556784000000001,0.8596400000000063
14,5359.5419999999995,20000.0,20000.0,0.1679379,0.001743535,7.843900000001015e-05
15,248.4685,20000.0,20000.0,2.212587e-05,4.203486e-08,6.438400211506033e-11
16,298.064,20000.0,20000.0,0.01076402,0.03257322,0.007189500000016926
17,358.9802,20000.0,20000.0,1.4346170000000001e-07,0.006765502,5.868000000374611e-06
18,233.6577,20000.0,20000.0,2.003231,2.8993439999999997,1384080.0000000005
19,4605.639,20000.0,20000.0,1.334192,4.697977e-07,1.1638500000000018
20,1948.9,20000.0,20000.0,2.494741e-08,0.00023841400000000002,1.1358500409292308e-13
21,9329.015,20000.0,20000.0,0.00104154,0.05841406,1.5620800000017017e-07
22,4329.157999999999,20000.0,20000.0,1.55474e-07,1.285405e-07,5.9173000935340536e-15
23,225.1306,20000.0,20000.0,1.5769579999999998e-05,0.001690045,9.060500009837301e-08
24,3880.841,20000.0,20000.0,0.0006641538000000001,0.005036651,3.242800000592402e-10
25,3582.958,20000.0,20000.0,1.76583e-05,0.3004926,0.0120711000000003
26,104.3266,20000.0,20000.0,2.0745050000000002e-05,3.562125e-08,5.804900225988007e-10
27,106.6545,20000.0,20000.0,0.006686462,0.001619213,0.00014993100001085315
28,504.6317,20000.0,20000.0,5.865878e-06,7.390479999999999e-05,1.0545900272370449e-11
29,1985.193,20000.0,20000.0,4.745969e-05,0.3924747,0.19438700000000309
30,176.87,20000.0,20000.0,1.8375729999999997e-07,0.005123499,1.369820000157296e-05
31,2548.814,20000.0,20000.0,2.0122010000000002e-06,0.009236099000000001,2.5185000000611343e-08
32,389.6809,20000.0,20000.0,0.38800409999999996,9.265817e-08,49.90800000000102
33,520.7089,20000.0,20000.0,0.5059800999999999,0.003542767,54.13400000000072
34,3598.265,20000.0,20000.0,4.0490909999999996e-05,1.209681,1.7059500000000047
35,665.4073,20000.0,20000.0,0.2896472,1.349347e-06,3.0341000000001026
36,1087.563,20000.0,20000.0,1.547841e-07,0.01265198,1.5524700000424162e-06
37,1970.32,20000.0,20000.0,2.043208e-06,3.10155,1054.1700000000003
38,3898.143,20000.0,20000.0,4.484463e-08,2.0522930000000002e-08,6.069600186842321e-15
39,288.1719,20000.0,20000.0,1.1061919999999999e-07,3.8722290000000003e-07,4.359200130796084e-11
40,2364.587,20000.0,20000.0,0.05938451,0.0682078,0.0002831020000001556
41,1368.674,20000.0,20000.0,0.02406228,8.775721999999999e-07,7.1517000000488675e-06
42,2307.252,20000.0,20000.0,2.41142e-07,0.03143072,4.317700000009863e-06
43,5196.938,20000.0,20000.0,3.017789e-07,0.003577822,6.204900000817046e-11
44,2285.433,20000.0,20000.0,9.426691999999999e-05,0.00134752,1.9691300022197656e-11
45,988.6172,20000.0,20000.0,3.304556e-06,6.687098e-08,1.1017200317207757e-12
46,704.9242,20000.0,20000.0,6.026498e-08,0.02441599,0.00013587000000055645
47,6494.92,20000.0,20000.0,3.256266e-07,0.02264702,1.792400000011605e-08
48,4140.960999999999,20000.0,20000.0,0.0057547119999999995,1.2076049999999998e-08,1.8858400004851496e-10
49,1712.5339999999999,20000.0,20000.0,4.095153e-05,9.786683999999999e-08,1.2256400320655287e-13
50,1083.736,20000.0,20000.0,0.0073306790000000005,0.0003626445,2.144110000129859e-07
51,1215.996,20000.0,20000.0,0.37095029999999996,1.207317,136.2120000000003
52,6986.959,20000.0,20000.0,0.005213155,0.0002638596,5.186900000624756e-11
53,276.4787,20000.0,20000.0,3.485702e-06,2.2146799999999998e-07,4.661300152085051e-11
54,1568.79,20000.0,20000.0,0.10760619999999999,0.02580918,0.003212650000000504
55,471.0704,20000.0,20000.0,6.851444e-07,0.1547591,0.7539000000000965
56,152.7829,20000.0,20000.0,0.45517440000000003,1.110407e-07,1264.80000000002
57,4787.535,20000.0,20000.0,1.567468e-08,3.467084,40.225
58,335.3386,20000.0,20000.0,5.7012950000000004e-06,0.002156888,8.10390000428584e-08
59,2167.155,20000.0,20000.0,1.4387330000000001e-08,1.8253219999999999e-06,4.988800184274698e-14
60,228.8352,20000.0,20000.0,7.301496999999999e-07,1.5376299999999998,50359.000000000065
61,264.3658,20000.0,20000.0,4.570276e-08,4.711645e-06,5.4027001924200323e-11
62,187.8206,20000.0,20000.0,0.34895240000000005,1.686335,141049.00000000015
63,352.7434,20000.0,20000.0,0.03212299,7.347811e-05,0.003018500000010528
64,229.1936,20000.0,20000.0,0.03286782,0.01480257,0.016759200000038527
65,133.279,20000.0,20000.0,1.161178e-06,0.0003714953,2.0524200297902007e-09
66,301.1258,20000.0,20000.0,0.0001246652,0.17350320000000002,4.447600000000412
67,915.4183,20000.0,20000.0,0.000618776,3.438145e-07,3.424400018595041e-11
68,1377.727,20000.0,20000.0,2.9071359999999997e-07,0.05408254,0.00027931000000028445
69,3239.627,20000.0,20000.0,5.683044999999999e-07,0.0001180793,1.590590051173364e-14
70,140.8731,20000.0,20000.0,0.01280228,1.2028219999999998e-08,0.0009258200000177184
71,453.9188,20000.0,20000.0,0.0005214875,1.028801e-06,1.8770200130470086e-10
72,1892.5179999999998,20000.0,20000.0,2.8191940000000003e-05,8.899605000000001e-08,8.773600249548566e-14
73,168.9346,20000.0,20000.0,0.0014209479999999998,0.0009973342,2.04418000212126e-07
74,119.0743,20000.0,20000.0,6.606260000000001e-05,1.250177,130131.00000000025
75,134.7557,20000.0,20000.0,3.5790620000000004e-07,0.4077008,1085.3400000000206
76,2689.974,20000.0,20000.0,1.1490790000000001e-08,7.739325e-07,2.0385100474326437e-14
77,134.3073,20000.0,20000.0,0.02607597,0.0003222275,0.01851380000008224
78,913.1865,20000.0,20000.0,2.036564e-05,7.998869e-08,1.1483200388555381e-12
79,3663.627,20000.0,20000.0,0.0006138405,0.46576599999999996,0.030621000000000582
80,229.7887,20000.0,20000.0,0.02751924,0.04211187,0.06562100000007323
81,255.1713,20000.0,20000.0,2.068405,0.00013540079999999999,141687.0000000001
82,810.3205,20000.0,20000.0,0.05697748,9.115174e-05,0.002790300000001816
83,741.3778,20000.0,20000.0,1.446477,0.0011975080000000001,1456.0200000000018
84,5244.565,20000.0,20000.0,1.84607e-06,5.827504e-06,1.4813700560111046e-15
85,169.2722,20000.0,20000.0,6.0491930000000005e-06,0.00038956,1.1687800168761008e-09
86,606.5925,20000.0,20000.0,1.015971e-06,0.00011822159999999999,5.88730016783831e-12
87,4594.9490000000005,20000.0,20000.0,0.4415804,0.11635610000000002,0.01806800000000024
88,7705.46,20000.0,20000.0,1.091191e-06,4.149468e-07,5.545800112108833e-16
89,2815.708,20000.0,20000.0,0.01823538,3.466209e-05,3.630000000031836e-07
90,875.9283,20000.0,20000.0,1.651338e-07,6.391253e-07,1.2805400501749795e-12
91,859.4575,20000.0,20000.0,1.2648660000000002e-07,0.5843114,22.894800000000156
92,2243.5229999999997,20000.0,20000.0,1.1103020000000001,2.8525720000000002e-05,14.238800000000019
93,3920.199,20000.0,20000.0,0.4095978,0.0009881509,0.013267800000000364
94,257.9541,20000.0,20000.0,0.0002691651,0.01728627,0.0005683500000064156
95,1201.645,20000.0,20000.0,4.211839e-06,1.389672e-05,2.1079701253185666e-13
1,8314.266,20000.0,20000.0,8.340892e-08,1.536213e-05,9.55681619157792e-17
2,809.0235,20000.0,20000.0,6.129558e-06,1.787463e-05,5.179825745320611e-13
3,1840.015,20000.0,20000.0,1.660033e-05,0.004385033,5.0766000393345016e-09
4,7146.512,20000.0,20000.0,5.779417999999999e-06,2.970689,4.004400000000148
5,1292.105,20000.0,20000.0,0.01738839,0.004313265,4.18800000291409e-06
6,3924.61,20000.0,20000.0,0.34331809999999996,2.017993e-05,0.011140200000022795
7,8882.976999999999,20000.0,20000.0,2.4201599999999996,1.071043e-06,1.1114400000000275
8,117.2898,20000.0,20000.0,1.82833,0.1180894,613930.000000047
9,163.2323,20000.0,20000.0,7.655653999999999e-08,1.051683e-05,5.0419275517308274e-11
10,490.8095,20000.0,20000.0,0.01556012,6.657485e-06,4.90510000615012e-05
11,441.4007,20000.0,20000.0,3.672283999999999e-08,0.05638626,0.01631180000091363
12,109.6822,20000.0,20000.0,7.0331029999999995e-06,0.0001371734,2.659541040899693e-10
13,330.9948,20000.0,20000.0,3.239253e-08,1.99911e-07,7.94513538173681e-12
14,137.9635,20000.0,20000.0,0.0002435257,0.00020510810000000002,7.869113824305086e-10
15,2026.6170000000002,20000.0,20000.0,1.5020260000000001e-05,3.89246e-05,1.871845473121065e-14
16,608.262,20000.0,20000.0,7.273121999999999e-06,5.2712e-05,1.393115566385432e-12
17,1411.8239999999998,20000.0,20000.0,0.00038262379999999996,1.510382,185.3010000000169
18,201.1827,20000.0,20000.0,0.01035821,2.7681909999999997e-08,0.000152095000376976
19,9540.402,20000.0,20000.0,1.298785,1.3774540000000002e-08,0.041327000000007566
20,256.3909,20000.0,20000.0,2.249318e-05,1.816625,79966.00000000553
21,8415.931,20000.0,20000.0,0.01740755,0.0012652310000000001,3.4141000022357398e-09
22,124.074,20000.0,20000.0,1.127222e-06,0.0002996102,8.775316480606809e-10
23,1646.3039999999999,20000.0,20000.0,0.6234997,4.152422e-07,3.729400000001706
24,292.5046,20000.0,20000.0,5.963361e-05,5.110058000000001e-08,1.3028759004853473e-11
25,5272.986,20000.0,20000.0,0.7952985,0.00033481019999999996,0.0940240000000174
26,4618.646,20000.0,20000.0,2.5752620000000004e-06,2.048632e-06,1.1656027597854061e-15
27,371.3451,20000.0,20000.0,8.461729e-05,1.0925739999999999e-07,7.218731320227484e-12
28,419.5731,20000.0,20000.0,2.97936e-06,1.993973e-05,3.8030178058176594e-12
29,723.3541,20000.0,20000.0,0.0008995988000000001,2.438709e-07,2.765200693564025e-10
30,2128.722,20000.0,20000.0,0.3497027,2.760329e-07,0.10415900000017707
31,159.7118,20000.0,20000.0,0.01504993,0.0001054867,0.0013300900014365
32,2778.46,20000.0,20000.0,0.009093501,0.08287234,0.0001781250000054892
33,227.7107,20000.0,20000.0,9.867896999999999e-08,1.5963900000000002e-07,1.944621821711944e-11
34,3102.7670000000003,20000.0,20000.0,0.0022423779999999997,0.000198395,5.555100148172021e-11
35,6277.142,20000.0,20000.0,1.6383920000000002e-05,5.860471e-06,2.5528286352014773e-16
36,118.7701,20000.0,20000.0,7.702061e-08,2.779115,3229590.00000011
37,2466.426,20000.0,20000.0,0.001140398,0.5408054,0.4330400000003503
38,335.5122,20000.0,20000.0,0.0058206180000000005,1.1836790000000001,7064.100000001071
39,799.9593,20000.0,20000.0,0.009328570999999999,0.04206608,0.0007495500001028918
40,217.9308,20000.0,20000.0,6.636988e-06,0.3859577,240.49000000042113
41,1777.146,20000.0,20000.0,2.089568e-06,1.131324,17.604200000004898
42,1400.204,20000.0,20000.0,0.007620386999999999,2.078107e-06,1.4621900035427004e-07
43,255.7518,20000.0,20000.0,0.0194164,1.147763e-07,0.0009807800006720428
44,937.9644,20000.0,20000.0,0.0031537279999999997,0.1287332,0.045242000000529387
45,520.5112,20000.0,20000.0,7.286139e-05,0.08025895,0.028456000001340364
46,1347.835,20000.0,20000.0,0.005379583,0.000610899,4.6090000293777997e-08
47,5960.092,20000.0,20000.0,9.032970000000001e-06,2.0880179999999998e-07,3.6589866045783454e-16
48,124.09899999999999,20000.0,20000.0,3.239848e-06,9.783849e-06,1.0057157550766931e-10
49,178.2649,20000.0,20000.0,0.002334006,1.478602e-06,5.63250025962e-07
50,1493.0970000000002,20000.0,20000.0,0.07801827,4.178274e-07,0.00040031000004349046
51,4012.2470000000003,20000.0,20000.0,0.0003547957,0.11118720000000001,7.432400000213648e-05
52,222.312,20000.0,20000.0,2.7981009999999996e-05,0.002041794,1.6881401166380009e-07
53,168.685,20000.0,20000.0,3.26432e-08,1.7671599999999997e-06,4.574027669528107e-11
54,2361.835,20000.0,20000.0,0.0042031840000000004,0.01093191,9.357700013703519e-08
55,2813.617,20000.0,20000.0,0.0002184311,6.212016999999999e-05,1.9095823619825838e-14
56,391.8195,20000.0,20000.0,5.353119000000001e-06,0.00039085709999999997,7.976608853902184e-11
57,813.1616,20000.0,20000.0,0.34677209999999997,2.407662e-08,3.99290000000513
58,109.5439,20000.0,20000.0,0.0002713553,6.771388e-06,9.01372035900918e-10
59,1131.685,20000.0,20000.0,1.130333,0.00025717009999999996,102.1570000000202
60,149.9334,20000.0,20000.0,1.185532e-06,0.15337079999999997,15.758400000175829
61,239.0601,20000.0,20000.0,0.001904325,0.7422651,2496.000000001176
62,3701.333,20000.0,20000.0,1.7398010000000003e-05,0.000299674,1.9161625276870508e-14
63,411.8975,20000.0,20000.0,0.01406274,0.1382743,0.6689900000085567
64,217.0215,20000.0,20000.0,1.687506e-07,0.2478008,44.37000000017421
65,8675.533000000001,20000.0,20000.0,1.314508e-07,0.0007579124,1.1165403699759909e-14
66,1524.517,20000.0,20000.0,1.5517519999999999e-06,0.0014380920000000002,9.882301238382064e-11
67,122.6437,20000.0,20000.0,1.2681040000000001,0.7652684000000001,242544.0000000297
68,197.5769,20000.0,20000.0,1.664126e-06,1.9558e-08,3.2117165646181326e-11
69,108.2053,20000.0,20000.0,0.0002260533,0.05163597,0.47857000004734496
70,172.8501,20000.0,20000.0,6.215708e-08,1.723969e-06,4.276823386725379e-11
71,546.2372,20000.0,20000.0,2.366491e-06,0.0006223019999999999,1.670590810910083e-10
72,398.0804,20000.0,20000.0,0.0009425997,9.750042e-07,1.896780438712022e-09
73,163.88299999999998,20000.0,20000.0,1.647857e-07,2.232463e-06,5.2262278813298795e-11
74,1603.088,20000.0,20000.0,2.9166100000000002e-05,1.2374590000000001e-06,6.233428756441629e-14
75,7130.905,20000.0,20000.0,0.007129734,0.009416302,1.5082200018594902e-09
76,140.1659,20000.0,20000.0,0.005928487,5.210902999999999e-06,4.325000031369901e-05
77,3013.6259999999997,20000.0,20000.0,0.5137287,6.666110000000001e-08,0.209700000000098
78,851.2537,20000.0,20000.0,0.0001027697,0.200772,0.3452900000015555
79,225.1418,20000.0,20000.0,2.7689209999999998e-08,0.1679298,8.621700000071671
80,2832.76,20000.0,20000.0,1.909371e-08,7.783164999999999e-08,6.811627468715292e-15
81,112.0212,20000.0,20000.0,0.008434941,0.01622252,0.00699940000536107
82,112.5013,20000.0,20000.0,4.1072430000000004e-08,1.9618800000000003e-05,1.3274272193389315e-10
83,111.6963,20000.0,20000.0,0.02107963,2.945999e-07,0.01219540000686019
84,9090.282,20000.0,20000.0,1.603967e-07,6.783894000000001e-06,5.1830202318058116e-17
85,6010.566,20000.0,20000.0,0.002134902,8.895182e-06,4.925900175375065e-12
86,2860.7940000000003,20000.0,20000.0,6.822403e-07,0.07010013,5.2094000001640255e-05
87,235.0967,20000.0,20000.0,0.920686,0.000136217,6785.9000000018095
88,1996.769,20000.0,20000.0,0.6366225000000001,0.9046287000000001,11.900700000002232
1,240.657,20000.0,20000.0,0.0008324834,1.122294e-07,5.500500184760002e-09
2,1812.235,20000.0,20000.0,0.15174820000000003,0.0002778976,0.009711200000007431
3,605.7824,20000.0,20000.0,1.062519,1.4416400000000001e-05,803.1200000000182
4,165.7029,20000.0,20000.0,1.866998,0.10157530000000001,271650.00000000244
5,1153.499,20000.0,20000.0,1.087631,1.118171e-06,67.66300000000196
6,389.9877,20000.0,20000.0,1.2008080000000001e-08,1.0079559999999999,2199.4000000000647
7,8755.205,20000.0,20000.0,0.02809883,0.0016622470000000002,9.585300000950377e-09
8,809.3807,20000.0,20000.0,0.1123982,0.3844363,6.4030000000009455
9,1086.5710000000001,20000.0,20000.0,0.007452716,0.322689,1.162120000000267
10,1450.374,20000.0,20000.0,0.03679937,0.001091075,5.567000000107362e-05
11,4143.563,20000.0,20000.0,5.831399000000001e-07,0.46940909999999997,0.030396200000003717
12,4327.904,20000.0,20000.0,3.3476729999999997e-07,1.1594669999999999e-05,2.8934010624745327e-15
13,3720.0959999999995,20000.0,20000.0,0.006730369,0.0049025729999999995,2.5699300015962163e-09
14,686.6160000000001,20000.0,20000.0,1.989022e-06,0.0003981624,2.8184002596120908e-11
15,614.1362,20000.0,20000.0,0.002133014,2.4028579999999998e-05,1.1265200073822402e-08
16,1708.5629999999999,20000.0,20000.0,0.24927039999999998,2.284872,533.9900000000019
17,4004.7659999999996,20000.0,20000.0,0.0014125029999999998,2.666954,37.408500000000096
18,204.8427,20000.0,20000.0,3.3939009999999996e-07,0.0008079033,7.125900297206006e-09
19,1379.4579999999999,20000.0,20000.0,0.05696945,0.1816264,0.03197000000001846
20,432.1239,20000.0,20000.0,0.01407342,0.1612999,0.9349400000013308
21,651.7763,20000.0,20000.0,0.5213539,1.055606e-07,29.17460000000367
22,205.4167,20000.0,20000.0,2.4901890000000002e-06,0.006168125,1.82688000152989e-05
23,1709.9820000000002,20000.0,20000.0,9.943265e-07,1.352865e-08,2.1107004682890092e-13
24,309.0816,20000.0,20000.0,2.863189e-07,5.415686e-07,3.954001183190257e-11
25,140.22799999999998,20000.0,20000.0,5.771767e-07,0.02488107,0.01294450000066213
26,293.5317,20000.0,20000.0,3.842556e-05,1.197006e-08,4.848301346970161e-11
27,160.3494,20000.0,20000.0,7.02585e-07,7.372818000000001e-07,2.3305107329860587e-10
28,1099.614,20000.0,20000.0,0.1196578,0.000300515,0.017169800000035772
29,3825.04,20000.0,20000.0,0.00023410669999999998,1.545523e-07,1.0266102498994751e-14
30,340.9138,20000.0,20000.0,0.01455354,3.140809e-07,0.0001544080000158803
31,4234.319,20000.0,20000.0,0.1057086,5.487081e-07,3.4026400000153194e-05
32,564.1351,20000.0,20000.0,0.003845259,0.004355268,8.045700005148602e-07
33,122.1274,20000.0,20000.0,0.002093519,0.009150831,0.00038741000013886313
34,1071.688,20000.0,20000.0,2.3036259999999997e-06,0.01752858,9.529200000833279e-06
35,3253.414,20000.0,20000.0,2.695054e-07,0.0005626585,2.8402000911925457e-13
36,9985.119,20000.0,20000.0,0.1332908,1.4728779999999998e-07,4.647200000006619e-06
37,954.2828,20000.0,20000.0,0.00046716620000000005,0.0005620765000000001,4.1364002046510753e-11
38,438.9469,20000.0,20000.0,0.29113290000000003,0.0005412335,10.855600000003172
39,692.7545,20000.0,20000.0,2.807214e-08,1.3458700000000001,1267.5800000000174
40,7942.722,20000.0,20000.0,4.4346959999999997e-07,4.474118e-08,4.746401023180238e-16
41,2436.0570000000002,20000.0,20000.0,7.415458000000001e-05,3.859719e-05,5.668501120480284e-14
42,1143.81,20000.0,20000.0,0.009889128,1.028161,93.4200000000018
43,7238.005,20000.0,20000.0,1.3918560000000002e-07,1.1780519999999999e-07,8.584401621161422e-16
44,180.7127,20000.0,20000.0,0.003836395,0.001595675,5.566000009719231e-06
45,110.1476,20000.0,20000.0,1.5550120000000002e-08,1.122517e-07,5.972701933660152e-10
46,985.6267,20000.0,20000.0,8.761151999999999e-06,0.0003901911,7.1095006483828824e-12
47,9036.347,20000.0,20000.0,0.1568797,3.201234e-06,2.1874500000011606e-05
48,770.1002,20000.0,20000.0,0.003288637,0.4475739,13.19900000000129
49,223.2264,20000.0,20000.0,0.0002418548,1.605319e-06,2.4737004654860333e-10
50,119.64200000000001,20000.0,20000.0,2.222011e-06,0.0063495669999999995,8.716500006724929e-05
51,2713.6420000000003,20000.0,20000.0,1.679742e-05,0.427257,0.08160100000001456
52,1781.6570000000002,20000.0,20000.0,0.01028334,0.16015410000000002,0.012114600000012188
53,1684.158,20000.0,20000.0,4.769968000000001e-08,1.525512e-06,1.966230496646809e-13
54,6629.13,20000.0,20000.0,0.04968822,0.0002980986,2.0254600000408992e-07
55,3212.239,20000.0,20000.0,2.219626e-06,1.305748,2.641100000000082
56,337.7829,20000.0,20000.0,0.7677936,1.8338379999999999e-07,1212.9000000000572
57,2032.795,20000.0,20000.0,0.07021039,3.295708e-05,0.00015114400000085633
58,1273.3419999999999,20000.0,20000.0,1.242092,3.4387120000000003e-07,116.97200000000241
59,2821.155,20000.0,20000.0,0.001773199,0.45057929999999996,0.16129200000001212
60,1139.36,20000.0,20000.0,0.2065096,3.6932519999999996e-08,0.1624470000000912
61,1846.9170000000001,20000.0,20000.0,0.37550159999999994,1.4385639999999998e-07,0.2894300000000573
62,389.1002,20000.0,20000.0,0.12187429999999999,2.236942,50683.000000000335
63,1003.357,20000.0,20000.0,0.08621961,1.0764469999999999e-08,0.007595900000023405
64,3494.239,20000.0,20000.0,2.968857e-05,0.01953521,1.9160100001390947e-07
65,3193.403,20000.0,20000.0,2.123829,1.4070370000000002e-08,34.30820000000013
66,108.5669,20000.0,20000.0,2.8196179999999997e-06,0.004738585,3.2534600046590504e-05
67,514.3784,20000.0,20000.0,3.704402e-08,4.025009e-05,1.0495602232181976e-11
68,148.664,20000.0,20000.0,0.03128044,4.849883e-08,0.029795000000902187
69,4678.18,20000.0,20000.0,1.24834e-06,0.08756843,3.69500000000755e-05
70,162.1932,20000.0,20000.0,1.461568e-07,0.0004120722,1.6904402007400058e-09
71,111.43,20000.0,20000.0,0.00019180020000000001,1.740256e-06,1.078920249426014e-09
72,396.4825,20000.0,20000.0,0.1479312,0.0007416634,0.8769500000013165
73,5264.045999999999,20000.0,20000.0,0.05493221,0.7088409999999999,0.07064600000000378
74,109.0022,20000.0,20000.0,0.17025279999999998,3.6314659999999997e-07,54.67800000005909
75,8866.726999999999,20000.0,20000.0,1.591878e-08,0.08905699,1.6569400000084706e-06
76,356.3107,20000.0,20000.0,8.658083000000001e-07,8.378595e-07,2.8901007374472287e-11
77,3410.1040000000003,20000.0,20000.0,3.494176e-06,0.01946642,1.8661900001081398e-07
78,2048.181,20000.0,20000.0,9.94994e-07,0.188637,0.008774800000007995
79,1237.678,20000.0,20000.0,0.0004712321,4.269736e-08,5.762000371323168e-12
80,4223.974,20000.0,20000.0,2.1626020000000004e-05,1.819373,3.859400000000032
81,8102.433000000001,20000.0,20000.0,0.006513451,0.01432336,2.8577500003607885e-09
82,7030.383000000001,20000.0,20000.0,2.167794e-07,4.29743e-07,7.545002098972462e-16
83,411.1106,20000.0,20000.0,0.17948970000000003,7.832006e-06,1.9493700000017595
84,200.2506,20000.0,20000.0,4.599634e-05,3.5037870000000004,2191860.0000000047
85,4114.78,20000.0,20000.0,0.16030250000000001,0.002636165,0.0001486780000004369
86,6799.348000000001,20000.0,20000.0,0.0271226,1.155444e-05,5.3881000001779555e-08
87,162.4727,20000.0,20000.0,2.412546e-06,9.051212e-08,2.190420741733055e-10
88,1882.6570000000002,20000.0,20000.0,0.000678133,1.4067070000000002e-06,3.57561016736322e-12
89,1347.421,20000.0,20000.0,4.182541e-06,0.09975072,0.004808800000010082
90,266.2755,20000.0,20000.0,0.0001968726,0.00013524889999999999,1.634730283508029e-10
91,162.153,20000.0,20000.0,3.968612e-08,0.00024189790000000001,6.042901044800063e-10
92,324.682,20000.0,20000.0,3.510654e-06,0.0006805803,1.2542100604585015e-09
